REPDTE,ASSET,CERT,INTINC,NETINC,NONII,LNLSNET,DEP,NPERFV,ID
20260331,4016571000,628,41764000.0,13974000.0,18541000.0,1493977000,2787994000,0.3376262986512625,628_20260331
20260331,2672192000,3510,24647000.0,7417000.0,8145000.0,1191560000,2128004000,0.3706694728522501,3510_20260331
20260331,1933622000,7213,23613000.0,5011000.0,6127000.0,708441000,1501029000,0.2817510351040689,7213_20260331
20260331,1852239000,3511,19479000.0,5961000.0,6028000.0,971566000,1516982000,0.6487823655586563,3511_20260331
20260331,751776000,33124,8132000.0,1959000.0,2010000.0,240344000,504823000,0.3538288000681054,33124_20260331
20260331,683379960,6548,7262608.0,1991808.0,2869541.0,395078415,539835606,0.977939417480138,6548_20260331
20260331,672010000,4297,16219000.0,2317000.0,2721000.0,424310000,520795000,1.125280873796521,4297_20260331
20260331,567948516,6384,6078527.0,1870675.0,1978123.0,342366467,441507226,0.5456410066577232,6384_20260331
20260331,541180000,9846,5796000.0,1573000.0,1180000.0,326243000,413574000,0.4612143833844562,9846_20260331
20260331,467349000,639,4986000.0,1373000.0,2874000.0,60237000,419724000,0.0117685070471959,639_20260331
20260331,391305000,32992,3802000.0,1326000.0,1750000.0,113127000,254345000,0.3309438928712896,32992_20260331
20260331,386546000,14,2641000.0,760000.0,2690000.0,49200000,299560000,0.0558795072255307,14_20260331
20260331,345610767,18409,3689763.0,628388.0,361233.0,163079805,282545575,0.5740356462910775,18409_20260331
20260331,296118000,6672,2981000.0,395000.0,899000.0,174693000,240416000,0.4775123430524318,6672_20260331
20260331,284135374,6560,3106817.0,629840.0,538267.0,186527076,227513232,0.6266322897197587,6560_20260331
20260331,251964731,16571,2862810.0,732963.0,407250.0,138104725,193961053,0.574343875135445,16571_20260331
20260331,242914000,57450,1462000.0,803000.0,13000.0,57549000,219912000,0.0135850547930543,57450_20260331
20260331,241388000,34221,2646000.0,741000.0,161000.0,177956000,205802000,0.1719223822228114,34221_20260331
20260331,235521000,11063,2787000.0,559000.0,712000.0,148253000,171449000,0.7570450193401014,11063_20260331
20260331,227134099,57957,2419321.0,533380.0,515100.0,143563245,186851400,0.9581947446825232,57957_20260331
20260331,217568586,27471,6072524.0,2002501.0,7758263.0,163072859,173984176,0.565426297342393,27471_20260331
20260331,214201000,588,2534000.0,679000.0,541000.0,137886000,167256000,0.9519096549502568,588_20260331
20260331,185983433,17534,1993211.0,581466.0,562656.0,108800202,153305440,0.4909141557785956,17534_20260331
20260331,185664000,57803,3030000.0,513000.0,551000.0,136489000,156225000,0.713116166839021,57803_20260331
20260331,173842608,913,2233274.0,509573.0,1506230.0,42344342,142285087,0.0556549404735115,913_20260331
20260331,167705510,57890,1602759.0,369496.0,502279.0,55167094,135520708,0.4744316391274204,57890_20260331
20260331,159430000,12368,1699000.0,573000.0,604000.0,96855000,132760000,0.6128081289594179,12368_20260331
20260331,122628191,35583,1512890.0,230906.0,247124.0,84505366,101064128,0.4074682957689557,35583_20260331
20260331,122261832,57565,1361384.0,315418.0,22076.0,89875894,108163032,0.0890760413274357,57565_20260331
20260331,114855000,27314,4382000.0,743000.0,133000.0,86421000,85813000,1.9520264681555008,27314_20260331
20260331,109670000,32188,1396000.0,224000.0,479000.0,42381000,94938000,0.4632078052338835,32188_20260331
20260331,106094600,29950,1171704.0,262968.0,677975.0,55282862,85645960,1.0211999479709617,29950_20260331
20260331,99947369,17281,1143232.0,183570.0,180056.0,68798768,81067113,0.5325022612651265,17281_20260331
20260331,98766387,57512,1187557.0,174873.0,186874.0,62797733,83216785,1.9316551490336484,57512_20260331
20260331,87956932,2270,999333.0,232932.0,183075.0,60706991,76926168,0.3338395204598541,2270_20260331
20260331,87128815,32541,984006.0,20863.0,63474.0,59704406,66832203,3.3348726250896443,32541_20260331
20260331,85527350,18221,995270.0,261896.0,99046.0,56529586,69386441,0.6265831923940121,18221_20260331
20260331,83823830,4977,1008451.0,292686.0,190279.0,64216079,67203642,0.7449206269863833,4977_20260331
20260331,82474471,31628,1055652.0,360281.0,102780.0,57292460,69086073,0.2622920733859572,31628_20260331
20260331,72614322,3832,875438.0,244045.0,121085.0,49213614,56500217,0.71544701608589,3832_20260331
20260331,72349509,8273,866514.0,250608.0,163042.0,39712920,60331165,0.2364231663272241,8273_20260331
20260331,67870584,33555,816151.0,238343.0,106939.0,49238836,55918390,0.4834524482653634,33555_20260331
20260331,66011146,17266,817832.0,198193.0,80596.0,47319580,53614966,0.4061677705156035,17266_20260331
20260331,65130106,33306,809748.0,196546.0,57764.0,40701469,50964108,0.9402241722130776,33306_20260331
20260331,64388074,9396,802569.0,169863.0,67540.0,50250829,52955541,0.6965715421150818,9396_20260331
20260331,60625000,34968,747000.0,198000.0,130000.0,26810000,55950000,1.1397938144329898,34968_20260331
20260331,53519366,33692,,,,26093607,48565784,0.0,33692_20260331
20260331,53492601,4214,615420.0,152869.0,173960.0,25970155,38855031,0.2699214420327028,4214_20260331
20260331,52769892,5510,578589.0,174000.0,135646.0,22146209,43235075,0.1684578016570509,5510_20260331
20260331,50421258,7888,573815.0,144951.0,80162.0,34945632,39273470,0.2694676915835777,7888_20260331
20260331,49667835,26881,985496.0,244608.0,306497.0,40853216,42321604,0.0717385809145898,26881_20260331
20260331,47232699,34775,607174.0,107022.0,26294.0,37090946,37687611,1.182600215160264,34775_20260331
20260331,46648000,57203,1639000.0,162000.0,145000.0,32587000,37458000,1.3376779283141829,57203_20260331
20260331,45736982,33893,511489.0,176069.0,9590.0,36520154,41632357,0.2515601051245576,33893_20260331
20260331,45537550,5296,528043.0,121595.0,75886.0,31499869,35800709,0.3234802926376144,5296_20260331
20260331,44448266,33653,,,,16724168,20172532,0.0,33653_20260331
20260331,43608962,16835,442871.0,121185.0,45133.0,24904145,32946478,0.27969250907646,16835_20260331
20260331,42109827,4063,540984.0,144577.0,47274.0,33380242,24689384,15.553094055693936,4063_20260331
20260331,41663976,110,629016.0,163364.0,32531.0,32495265,33764925,1.0708171490882197,110_20260331
20260331,41210622,33690,,,,33185107,13596402,0.0,33690_20260331
20260331,39745000,623,405000.0,87000.0,91000.0,15673000,27713000,0.3925022015347842,623_20260331
20260331,37228893,34589,471692.0,134167.0,58509.0,27676100,30424485,0.3562340679858517,34589_20260331
20260331,35540239,24998,394455.0,133109.0,173889.0,20264540,28638353,0.0985952851920888,24998_20260331
20260331,35533297,12441,401382.0,50443.0,103710.0,23743614,29315316,0.4340520385710338,12441_20260331
20260331,35341660,58979,422786.0,73425.0,19133.0,23962816,29564537,1.3474550997321575,58979_20260331
20260331,34725218,5452,662468.0,148345.0,110154.0,23638397,28560248,0.5560224272746106,5452_20260331
20260331,34642892,24045,407440.0,80722.0,31795.0,24797805,27440681,1.0212311374004226,24045_20260331
20260331,33609082,22858,415890.0,125842.0,31312.0,24592774,27304038,0.3368851312273271,22858_20260331
20260331,33205747,34383,418291.0,77480.0,43198.0,24930554,29118492,0.5550545211345493,34383_20260331
20260331,32718396,33947,771034.0,10208.0,-107618.0,7876586,27662398,0.5861136957936447,33947_20260331
20260331,32107617,7551,390054.0,99873.0,69590.0,23910574,27040903,0.5528283210803219,7551_20260331
20260331,31717351,30788,364931.0,87712.0,35445.0,20819544,24944633,0.2500303382839254,30788_20260331
20260331,30917000,7946,291000.0,62000.0,219000.0,18555000,26135000,0.0420480641718148,7946_20260331
20260331,30620358,32773,339669.0,66336.0,43400.0,22622116,25311703,0.4496028426578161,32773_20260331
20260331,29457314,58177,652738.0,319156.0,176884.0,20180094,20817258,0.5186148336538763,58177_20260331
20260331,29362572,18714,328251.0,55001.0,26594.0,15242008,23172384,0.3834473356080659,18714_20260331
20260331,28626294,20234,347869.0,84122.0,29723.0,20158488,22071798,0.7935152206569247,20234_20260331
20260331,28237712,35546,476447.0,150846.0,56468.0,24051422,22684696,0.357132334234445,35546_20260331
20260331,28114413,16889,333712.0,81960.0,36565.0,19434602,24415141,0.3556005241866511,16889_20260331
20260331,28023532,8728,334843.0,37940.0,131142.0,19621698,24650471,0.6707541362023888,8728_20260331
20260331,28021961,20504,351771.0,113673.0,69977.0,21969927,22689088,0.4647818901753521,20504_20260331
20260331,27552061,28088,326921.0,67928.0,16763.0,19970883,21241331,0.47903494406462,28088_20260331
20260331,27441000,33497,159000.0,102000.0,0.0,3609000,25353000,0.0,33497_20260331
20260331,27420438,803,325880.0,94008.0,37756.0,18934057,21839759,0.5916207465394974,803_20260331
20260331,27090994,12437,339204.0,93908.0,46682.0,18910366,22324890,0.7871545798577934,12437_20260331
20260331,26361352,1105,271234.0,67293.0,42096.0,14603417,22202732,0.6162013238167754,1105_20260331
20260331,25862378,34444,336087.0,72245.0,34684.0,17230584,21707136,0.3038661023359878,34444_20260331
20260331,25514060,58303,287141.0,194362.0,4470.0,2279064,23776997,0.0157520990387261,58303_20260331
20260331,25187481,12010,315039.0,85684.0,31519.0,19478221,19154589,0.5544341651314794,12010_20260331
20260331,24787974,9712,292019.0,88683.0,40391.0,18251676,20240410,0.3983504258960413,9712_20260331
20260331,24649062,3890,301771.0,76307.0,48452.0,17717287,20406548,0.6262104415981428,3890_20260331
20260331,24266808,17985,229686.0,69723.0,52314.0,14271517,20790881,0.181198120494463,17985_20260331
20260331,24035136,18503,323108.0,92165.0,18221.0,19965860,20697975,0.5320044787764047,18503_20260331
20260331,23875947,18053,222182.0,58547.0,42655.0,14049458,21033635,0.1081213658247775,18053_20260331
20260331,23463101,33682,,,,15249980,13509923,0.0,33682_20260331
20260331,23247121,58457,284937.0,41175.0,4151.0,18328597,21368793,0.2916275094881641,58457_20260331
20260331,23028965,11241,312576.0,124669.0,38577.0,15243918,18173254,0.5684971078813138,11241_20260331
20260331,22686655,6600,282414.0,84604.0,82514.0,13329405,18131069,0.4671733228190758,6600_20260331
20260331,22358708,35095,250472.0,40992.0,87962.0,15239126,18592960,0.23286676493114,35095_20260331
20260331,22181187,17798,292373.0,50901.0,23421.0,17679779,18436774,0.6963107970732134,17798_20260331
20260331,22016606,17838,249196.0,91012.0,78049.0,13153815,18771781,0.453557646441963,17838_20260331
20260331,21403986,1768,241928.0,47502.0,20359.0,13703598,18251541,0.2527519874101954,1768_20260331
20260331,21134120,131,250706.0,32265.0,25176.0,12483367,16646859,0.4697664250983717,131_20260331
20260331,21048883,4365,248568.0,33279.0,2363.0,15451208,16514770,0.451016806925099,4365_20260331
20260331,20995000,57408,245000.0,153000.0,66000.0,9404000,16244000,0.1333650869254584,57408_20260331
20260331,20473249,12633,258060.0,101101.0,63545.0,11411819,16412033,0.2621909204542962,12633_20260331
20260331,20263028,8056,269870.0,69991.0,44779.0,16546570,13040979,1.5184502533382471,8056_20260331
20260331,20062734,57311,246172.0,87534.0,2315.0,14886894,18396559,0.7822463279431406,57311_20260331
20260331,19231898,16068,215844.0,13027.0,7101.0,13344488,15783666,0.4245030833670187,16068_20260331
20260331,19070727,30387,279849.0,85850.0,33534.0,12858822,16654866,0.6535985754502175,30387_20260331
20260331,18984962,4988,232044.0,59552.0,42220.0,14008662,15860550,1.1808029955498462,4988_20260331
20260331,18652384,26610,230145.0,32427.0,15734.0,14582029,15771705,0.7498880572049128,26610_20260331
20260331,18170078,57993,241480.0,83332.0,10840.0,13784901,14511649,0.9959065668292671,57993_20260331
20260331,18012163,16450,225407.0,54727.0,45345.0,13296060,14831408,0.2595579442624409,16450_20260331
20260331,17468430,30012,195428.0,23166.0,5676.0,15747391,10298906,0.2204204957171308,30012_20260331
20260331,17433997,6989,179896.0,50095.0,34816.0,11041141,15014456,0.3546576267048801,6989_20260331
20260331,17196325,27237,225046.0,51669.0,17063.0,11551134,14656822,1.033162608871372,27237_20260331
20260331,16911880,28178,203470.0,54688.0,30493.0,12922750,14434616,0.5413413529424286,28178_20260331
20260331,16433171,8663,225350.0,59507.0,26886.0,12548850,14099930,0.9645916786236812,8663_20260331
20260331,16403712,4239,217243.0,35946.0,37132.0,12534625,13273997,1.6110256020100815,4239_20260331
20260331,16338071,28489,197818.0,56492.0,20143.0,11581052,13928915,0.3163470155075223,28489_20260331
20260331,16100274,57542,159898.0,18108.0,148079.0,8322267,13591638,0.0873836060181336,57542_20260331
20260331,16090102,7230,182629.0,47304.0,30978.0,11408840,13891407,0.3808366162004442,7230_20260331
20260331,15828371,33681,,,,10092715,9860167,0.0,33681_20260331
20260331,15548303,57038,158135.0,18932.0,20015.0,11153404,13114848,0.5120816078770782,57038_20260331
20260331,15511016,21716,148865.0,52047.0,14373.0,8563146,12002449,0.0409386464432761,21716_20260331
20260331,15317679,3066,182586.0,67785.0,19231.0,8200187,13408107,0.3537807522928245,3066_20260331
20260331,15229819,58665,233676.0,33645.0,25409.0,12400249,13966734,3.38677695381672,58665_20260331
20260331,15126000,25178,135000.0,28000.0,0.0,9731000,12639000,0.4429459209308475,25178_20260331
20260331,14990679,6976,173392.0,36862.0,11349.0,10550477,12667013,0.6346343617924178,6976_20260331
20260331,14953476,34967,198247.0,36965.0,7576.0,11524288,12230655,0.2557799938957337,34967_20260331
20260331,14816488,19581,177312.0,34969.0,55928.0,12664720,12670338,0.8166847636227964,19581_20260331
20260331,14471195,28359,167593.0,26080.0,7277.0,11059275,11249753,0.3119991127201312,28359_20260331
20260331,14200455,57919,184397.0,42023.0,6661.0,11592762,11566509,0.348855019082135,57919_20260331
20260331,13986756,19977,186445.0,26163.0,18507.0,9701948,11938804,1.0390758228712933,19977_20260331
20260331,13442736,29209,153418.0,43633.0,23674.0,9219963,10320176,1.1260133353805355,29209_20260331
20260331,13310873,57570,724586.0,59816.0,71580.0,10042343,10359788,3.089346581550286,57570_20260331
20260331,13025805,57833,165531.0,87629.0,55303.0,4121220,3670887,0.8599391745846033,57833_20260331
20260331,13013553,35141,205350.0,73045.0,28925.0,9798098,8703345,0.0620276414903754,35141_20260331
20260331,12937641,15019,142366.0,48320.0,17741.0,8680271,11028439,0.3228718434836768,15019_20260331
20260331,12926059,6653,154598.0,56068.0,31789.0,9558516,11097712,0.8327905667148818,6653_20260331
20260331,12799696,27476,161215.0,53032.0,37001.0,7066802,11213314,0.6019596090407148,27476_20260331
20260331,12564538,59052,159102.0,27996.0,16863.0,9520576,10650590,0.4828589797730724,59052_20260331
20260331,12480067,32245,147734.0,18804.0,10858.0,9603383,10163816,0.8556204065250612,32245_20260331
20260331,12440134,17491,149718.0,33474.0,83405.0,8791441,10680035,0.881284719280355,17491_20260331
20260331,12232517,7468,157159.0,39452.0,23997.0,9336280,10513054,0.7803872252946797,7468_20260331
20260331,12154963,26876,129537.0,28801.0,45528.0,3597204,10397024,0.0,26876_20260331
20260331,12142509,57358,154311.0,44448.0,2339.0,7523707,11290093,0.0120156386130741,57358_20260331
20260331,11965833,31469,194239.0,52967.0,25281.0,8040074,9856845,1.592434057871274,31469_20260331
20260331,11856598,1225,112141.0,21882.0,3463.0,6243727,8938167,0.0739756884732028,1225_20260331
20260331,11845708,32551,260945.0,51001.0,73063.0,6536354,10282601,0.5127764418977743,32551_20260331
20260331,11343543,58647,115897.0,-9098.0,5506.0,6408539,8783466,0.3625410508868349,58647_20260331
20260331,11009182,28834,119565.0,14750.0,7116.0,8190917,8453927,0.4384612771412081,28834_20260331
20260331,10888501,58629,145093.0,31651.0,5112.0,7502521,9044361,0.643284139846247,58629_20260331
20260331,10700024,1281,122628.0,32525.0,19365.0,7162829,8864262,0.4922325407868244,1281_20260331
20260331,10608090,33686,,,,8155303,7635672,0.0,33686_20260331
20260331,10419683,59108,69189.0,53079.0,29956.0,0,9615219,0.0,59108_20260331
20260331,10225871,14531,145875.0,42917.0,18076.0,6965960,8953316,0.9189535052808704,14531_20260331
20260331,10093380,12614,131296.0,26115.0,5835.0,7768141,8793497,0.8741174908702536,12614_20260331
20260331,10084903,12854,136221.0,36998.0,15965.0,7910264,8324642,0.5454291429476318,12854_20260331
20260331,9946447,21943,117827.0,34337.0,17048.0,6944445,8408678,0.7683547703013951,21943_20260331
20260331,9939635,11124,126313.0,36500.0,14872.0,7866805,8220382,0.5025234830051606,11124_20260331
20260331,9902571,34742,131467.0,16808.0,13060.0,6847099,8596517,1.881511377196892,34742_20260331
20260331,9899655,35444,129593.0,69079.0,72527.0,7818926,8441102,1.5963081541730495,35444_20260331
20260331,9892909,19629,142641.0,68739.0,28640.0,6928405,6518558,0.5891896913233509,19629_20260331
20260331,9886789,20624,141617.0,40066.0,13278.0,7376079,7834108,0.7096844081531426,20624_20260331
20260331,9880787,22953,133000.0,21474.0,16046.0,6674545,7947792,1.9390358278141204,22953_20260331
20260331,9843365,27981,105003.0,20253.0,6250.0,8115728,7008256,0.5580205549626576,27981_20260331
20260331,9637896,6544,126820.0,31882.0,28839.0,6695859,7697873,0.4114694742503966,6544_20260331
20260331,9604911,34507,95557.0,40493.0,28537.0,2869096,9052863,0.1240719461117338,34507_20260331
20260331,9525737,34697,271521.0,87775.0,130506.0,3838732,7033218,0.306317505931562,34697_20260331
20260331,9457499,258,117641.0,37898.0,24588.0,7138591,7759260,0.1230346416108529,258_20260331
20260331,9278678,33935,124356.0,46728.0,34865.0,7800926,7928399,0.392426593529811,33935_20260331
20260331,9188563,13421,130707.0,35624.0,33882.0,6856983,7594514,0.2381329920685095,13421_20260331
20260331,9178494,23220,115325.0,46932.0,109033.0,5962879,8347081,1.0075073318128225,23220_20260331
20260331,9168378,622,109264.0,25924.0,14109.0,4965662,8211513,1.0782387026363878,622_20260331
20260331,9115395,10634,107730.0,32513.0,11134.0,6661736,8132496,0.2102267647205633,10634_20260331
20260331,9110853,9087,126133.0,41528.0,22974.0,6921772,7228098,0.7994750875686394,9087_20260331
20260331,9042709,32526,88079.0,28553.0,20103.0,6089469,8237415,0.1333007619729884,32526_20260331
20260331,9029626,27389,75309.0,22438.0,-691.0,4890777,7237356,0.4722565475026319,27389_20260331
20260331,9017093,17943,109592.0,5774.0,14879.0,6946911,7129248,0.2977788961475722,17943_20260331
20260331,8997757,27589,118415.0,40079.0,46716.0,6752199,6987404,0.2696449792987296,27589_20260331
20260331,8933716,34519,470362.0,75176.0,66750.0,7287768,7124154,3.784494604484853,34519_20260331
20260331,8903421,58228,122574.0,26394.0,14217.0,6621088,7470898,1.3826707734027175,58228_20260331
20260331,8860980,58564,114265.0,11793.0,3747.0,6517080,7596970,0.7693167121469635,58564_20260331
20260331,8843485,34699,134932.0,32633.0,2609.0,6964476,7794442,0.8034389157668046,34699_20260331
20260331,8797882,18297,102229.0,28186.0,12606.0,4901676,6879227,0.1101060459778842,18297_20260331
20260331,8785816,26342,91177.0,48343.0,14859.0,3428376,7773634,0.2429825527873563,26342_20260331
20260331,8708837,58410,143773.0,11540.0,45601.0,5649595,6726577,2.8940029535516625,58410_20260331
20260331,8696575,609,102669.0,28557.0,14766.0,6419889,7245977,0.594072954007756,609_20260331
20260331,8568434,23296,99420.0,19463.0,16137.0,6544849,6007790,0.4182677954921517,23296_20260331
20260331,8553297,4767,116119.0,23529.0,27169.0,7001424,7151046,0.8288616658582064,4767_20260331
20260331,8496254,13876,111602.0,27921.0,9852.0,6360486,7260678,0.5729819282709768,13876_20260331
20260331,8492771,29012,90675.0,22249.0,9061.0,5661687,7258982,0.1858050805797071,29012_20260331
20260331,8404781,5633,104285.0,37541.0,10057.0,4458645,6669908,0.0749930307523777,5633_20260331
20260331,8371107,17393,105687.0,34629.0,17210.0,5786332,7045094,0.3530715830056885,17393_20260331
20260331,8323217,26312,72173.0,28810.0,7146.0,0,7801359,0.0,26312_20260331
20260331,8279783,5903,110092.0,28692.0,22686.0,6244839,7235049,0.4538162413193679,5903_20260331
20260331,8250749,57614,123747.0,14198.0,16176.0,5772976,7159909,1.141326684401622,57614_20260331
20260331,8221637,3657,106079.0,30815.0,13388.0,3165433,5245762,0.353615709377585,3657_20260331
20260331,8200993,3705,95829.0,24239.0,11395.0,6000674,6741271,0.4485188561921709,3705_20260331
20260331,8108083,7759,106249.0,27448.0,24704.0,6865683,6922203,0.5602064014391565,7759_20260331
20260331,7962269,90544,11342.0,25669.0,171774.0,0,0,0.0,90544_20260331
20260331,7912763,11578,105380.0,31723.0,10668.0,5336712,6338024,1.032066801444704,11578_20260331
20260331,7796215,57903,110261.0,24710.0,1872.0,5486044,6015080,2.1337790196909654,57903_20260331
20260331,7789627,24170,101682.0,24429.0,9704.0,6479931,6801918,0.159442807723656,24170_20260331
20260331,7766339,27499,459681.0,101890.0,33058.0,5639081,3958148,2.8544594821318,27499_20260331
20260331,7728868,18618,47754.0,-131902.0,4731.0,4331142,6731415,0.1839208536101276,18618_20260331
20260331,7690114,11035,95049.0,16095.0,22773.0,6375654,6835088,0.7713929858517052,11035_20260331
20260331,7678230,16191,102420.0,37066.0,8688.0,4961748,6322236,0.409078654846234,16191_20260331
20260331,7655086,33539,116875.0,31144.0,4216.0,6059910,6432233,2.247669066030088,33539_20260331
20260331,7653639,25858,107977.0,20014.0,10130.0,5371661,6332023,0.7903038018908392,25858_20260331
20260331,7591561,28765,79100.0,10288.0,6143.0,5746641,5755923,0.6899635002603549,28765_20260331
20260331,7560233,16980,88046.0,23592.0,8341.0,5237410,6615157,0.0955129292972848,16980_20260331
20260331,7540183,16026,75778.0,9700.0,5414.0,4828857,6011805,1.0593509467873656,16026_20260331
20260331,7534738,24156,99448.0,19821.0,7318.0,5892266,6381162,0.3100572309216326,24156_20260331
20260331,7489639,17308,77097.0,22186.0,11987.0,5262952,6704549,0.1977932447745478,17308_20260331
20260331,7469647,953,95325.0,20043.0,11642.0,5811426,5849842,0.1327505837959946,953_20260331
20260331,7422800,18408,75266.0,4687.0,21463.0,5082582,5715547,0.3124292719728404,18408_20260331
20260331,7395660,34953,101503.0,24174.0,22229.0,6698740,5023773,1.226597761389788,34953_20260331
20260331,7248366,23627,113703.0,42774.0,29952.0,5317063,5580422,0.4522812451799481,23627_20260331
20260331,7215780,6540,67092.0,19122.0,10016.0,4747299,5941551,0.8294875952426487,6540_20260331
20260331,7183013,33648,,,,5502638,5407637,0.0,33648_20260331
20260331,7174892,26483,105070.0,14389.0,4513.0,6193012,6102274,0.7970154812086371,26483_20260331
20260331,7113101,30776,130827.0,73394.0,150734.0,4821958,5854146,1.684117798974034,30776_20260331
20260331,7078433,13102,92329.0,28725.0,12641.0,5405530,6191715,0.2959553336169178,13102_20260331
20260331,7008117,20296,87343.0,21941.0,18153.0,5210224,5836686,0.2122253381329107,20296_20260331
20260331,6951638,4255,78371.0,22774.0,12031.0,4935059,5622263,0.1576462986133627,4255_20260331
20260331,6938525,9889,83919.0,17062.0,6109.0,5485388,5992297,0.5464850238343164,9889_20260331
20260331,6912673,17870,83301.0,5498.0,4044.0,5676184,5516825,0.5513352070899347,17870_20260331
20260331,6873141,23498,102755.0,8559.0,19712.0,5157477,5718570,1.4821025787191038,23498_20260331
20260331,6846609,3603,98335.0,27641.0,12731.0,5117455,5600748,1.1120249454876128,3603_20260331
20260331,6838922,33661,,,,3516854,4382472,0.0,33661_20260331
20260331,6810323,57082,73504.0,20945.0,5887.0,4360594,5830953,0.2764039238667535,57082_20260331
20260331,6785152,23091,79771.0,22003.0,17764.0,4302695,5999280,0.21405563206248,23091_20260331
20260331,6783388,4799,81496.0,22517.0,18942.0,4237423,6043120,0.379441659536503,4799_20260331
20260331,6769567,20369,71753.0,15967.0,11056.0,4629724,5832174,0.2093191484772955,20369_20260331
20260331,6762755,17438,137977.0,45608.0,1809.0,6174598,3835105,1.8462446148056528,17438_20260331
20260331,6741168,17735,78559.0,32256.0,19556.0,4475776,5448988,0.1754592082558987,17735_20260331
20260331,6698348,2720,87499.0,26580.0,11269.0,4929573,5442072,0.3594766948507303,2720_20260331
20260331,6691682,12229,74962.0,10547.0,15004.0,4196314,5937676,0.1884429056849981,12229_20260331
20260331,6575390,58716,97389.0,18214.0,4109.0,5200003,5718738,0.6692530785246198,58716_20260331
20260331,6540325,4360,86651.0,29011.0,11167.0,4837073,5498253,0.6039761021050177,4360_20260331
20260331,6539611,1040,86022.0,19288.0,23807.0,4277407,5450631,0.9068582213835044,1040_20260331
20260331,6507414,31945,66226.0,16472.0,5306.0,5237183,5652366,0.3507998722687691,31945_20260331
20260331,6503041,33849,81610.0,22659.0,5891.0,4703160,5301167,0.1265869306375278,33849_20260331
20260331,6458703,23623,77651.0,13030.0,17294.0,5006078,5170852,0.6263331817549127,23623_20260331
20260331,6356397,34598,79475.0,23824.0,11009.0,4585943,5038602,0.1066956642261331,34598_20260331
20260331,6332519,29566,44282.0,-3878.0,20085.0,3413250,5474638,0.2585227142626812,29566_20260331
20260331,6255437,659,81912.0,22192.0,7266.0,4583960,5348963,0.6238892662495042,659_20260331
20260331,6203118,4832,78580.0,18996.0,6613.0,4813583,5490602,1.0482953895121776,4832_20260331
20260331,6153688,90183,65530.0,8991.0,3485.0,3672488,5208359,0.1177180253532515,90183_20260331
20260331,6133303,9423,78616.0,19464.0,11047.0,3061947,5019419,0.5183829985246122,9423_20260331
20260331,6121994,4382,77297.0,20293.0,12124.0,4371583,4862591,0.51107531304343,4382_20260331
20260331,6064567,5304,73583.0,20604.0,10622.0,4468309,5133172,0.4959958394391554,5304_20260331
20260331,6047838,10248,82017.0,19458.0,13490.0,4738578,5337098,1.618743756033148,10248_20260331
20260331,6047747,18983,72721.0,17946.0,2834.0,4452008,5386542,0.0,18983_20260331
20260331,5989062,26962,84095.0,22524.0,11360.0,4339334,5352805,0.3894432884481744,26962_20260331
20260331,5915963,19222,77139.0,17347.0,11980.0,4634671,5269655,0.2731761506960067,19222_20260331
20260331,5900269,58463,74270.0,15308.0,7930.0,4481719,5200942,0.2077362913453607,58463_20260331
20260331,5867857,22653,69942.0,25268.0,389612.0,59497,4967612,0.0261594650312712,22653_20260331
20260331,5853462,57083,91425.0,7216.0,10940.0,3915610,4381010,3.0098427221360624,57083_20260331
20260331,5836466,1331,71309.0,24578.0,5224.0,3539953,5120775,0.0684660888969455,1331_20260331
20260331,5827278,3430,55551.0,26807.0,10184.0,685053,4788155,0.0247456874375995,3430_20260331
20260331,5775714,57815,74682.0,18074.0,9616.0,4032935,4826945,0.3750705107628251,57815_20260331
20260331,5740527,15797,64703.0,22040.0,13747.0,3231970,5196036,0.1145539425213051,15797_20260331
20260331,5735013,28710,62908.0,14171.0,3414.0,3770923,4121345,0.4078979419924593,28710_20260331
20260331,5731399,34294,97014.0,22856.0,8489.0,3778695,4975559,3.4995818647419243,34294_20260331
20260331,5690468,29546,71325.0,18474.0,7107.0,4463463,4507516,0.176734145592243,29546_20260331
20260331,5683154,34607,75810.0,4552.0,11398.0,3774614,4990694,1.1180763357811525,34607_20260331
20260331,5670019,33905,65894.0,-1758.0,2048.0,3552696,4821348,0.0647793243726343,33905_20260331
20260331,5659447,34403,111680.0,12420.0,65926.0,3810991,5081519,1.194816384003596,34403_20260331
20260331,5644142,4091,38248.0,26339.0,24991.0,4843217,5222208,0.5156142421647081,4091_20260331
20260331,5636176,26647,81112.0,21748.0,10057.0,4383642,4762157,0.5923164926006569,26647_20260331
20260331,5576514,713,74363.0,23279.0,15900.0,4017222,4631492,0.5652814643700347,713_20260331
20260331,5551229,27811,66281.0,17560.0,11940.0,4266829,4943011,0.690910066941933,27811_20260331
20260331,5549791,21265,77858.0,15792.0,9704.0,4218859,4593206,0.1659882327100245,21265_20260331
20260331,5546680,23474,59896.0,9089.0,8095.0,3368982,4781594,0.1522352109730505,23474_20260331
20260331,5478222,27210,87922.0,42635.0,3191.0,4820905,4821775,1.3481381367896372,27210_20260331
20260331,5459093,23287,59530.0,9710.0,9201.0,4398715,4396455,0.3568175152905437,23287_20260331
20260331,5456717,6985,70826.0,17991.0,13083.0,3942021,4520657,0.6483385522833601,6985_20260331
20260331,5436015,33693,,,,2895560,3140670,0.0,33693_20260331
20260331,5415574,7514,64689.0,16206.0,5924.0,4151798,4427750,0.2452186970393166,7514_20260331
20260331,5409760,21868,44665.0,36420.0,241186.0,954238,4488110,0.0,21868_20260331
20260331,5406916,90250,52089.0,1992.0,2325.0,4180861,3313274,0.0152212462705172,90250_20260331
20260331,5369932,19416,71365.0,12673.0,5444.0,4351534,4546301,1.3012082834568484,19416_20260331
20260331,5323177,58210,69965.0,19082.0,2313.0,4302132,4326053,0.2200753422251411,58210_20260331
20260331,5281633,18429,63765.0,22514.0,5198.0,3450676,4558279,0.4295262469012898,18429_20260331
20260331,5277526,3931,66977.0,23785.0,30999.0,4006584,4393268,1.020231828322589,3931_20260331
20260331,5251445,15359,57895.0,11662.0,7836.0,3440734,4773233,0.0807396821255863,15359_20260331
20260331,5156962,19300,68162.0,14439.0,5500.0,3801338,4546285,0.5282955352395461,19300_20260331
20260331,5123303,8879,66098.0,12949.0,9419.0,3361294,4657542,0.2603203441217511,8879_20260331
20260331,5090783,28332,70951.0,18258.0,8437.0,4267456,4355623,0.6272119632677331,28332_20260331
20260331,5083974,16130,59930.0,21169.0,7136.0,2793741,3710395,0.277361764635303,16130_20260331
20260331,5078040,57134,58103.0,8861.0,10508.0,4136304,4043768,0.0258761254342226,57134_20260331
20260331,5034096,19690,101871.0,29853.0,3579.0,4499376,3695176,0.780974379511237,19690_20260331
20260331,5031561,35361,68253.0,20071.0,1023.0,4166954,4480237,0.055966726826923,35361_20260331
20260331,4965251,57056,106430.0,40135.0,29330.0,4068300,3559989,2.5862539476856257,57056_20260331
20260331,4934452,3405,68940.0,20612.0,5916.0,3871033,4440313,0.6079094497220766,3405_20260331
20260331,4927099,34395,58698.0,14340.0,34246.0,3851038,3842401,4.046336393890198,34395_20260331
20260331,4868698,3973,62760.0,15584.0,10392.0,3430617,4257105,0.477663638204711,3973_20260331
20260331,4867664,17437,67202.0,13703.0,9038.0,3921132,4352301,0.8686712969506523,17437_20260331
20260331,4834846,1536,53268.0,54934.0,7389.0,2376981,3754998,0.0434967318504043,1536_20260331
20260331,4778484,58596,59185.0,85595.0,69635.0,3676299,4237075,0.5736965949870294,58596_20260331
20260331,4679568,3285,45294.0,12727.0,82651.0,2227802,4143046,0.5758437530985766,3285_20260331
20260331,4672493,11971,55147.0,15703.0,11352.0,3562466,3874745,0.4986417315124923,11971_20260331
20260331,4671475,14650,60387.0,22302.0,8541.0,3527333,3608874,0.41699891361936,14650_20260331
20260331,4643946,25103,62612.0,16679.0,11271.0,3075910,4116487,0.1275208626456896,25103_20260331
20260331,4633553,58181,70989.0,22382.0,6470.0,3977018,3658600,0.3878449215968825,58181_20260331
20260331,4625654,90213,52407.0,4691.0,4786.0,3535889,3468621,0.526693090317607,90213_20260331
20260331,4581505,35295,54700.0,10278.0,3478.0,3914847,3890994,0.2607003593797234,35295_20260331
20260331,4547851,90211,51806.0,2851.0,302.0,3895956,2621120,0.8737093629496657,90211_20260331
20260331,4530899,3250,56844.0,17587.0,11182.0,2768462,3975144,0.5758018441814748,3250_20260331
20260331,4520258,32961,7905.0,169753.0,510801.0,0,0,0.0,32961_20260331
20260331,4520154,25679,49659.0,23081.0,12654.0,1529253,3884222,2.477813808998543,25679_20260331
20260331,4515383,34717,54715.0,15684.0,3985.0,3369109,3719776,0.1579710956966441,34717_20260331
20260331,4512330,17323,55692.0,19464.0,15110.0,3381512,3789102,0.8084071865311269,17323_20260331
20260331,4500795,7074,53780.0,13581.0,8479.0,3404911,4014503,0.098271527585682,7074_20260331
20260331,4498624,11507,52323.0,19110.0,9042.0,2844154,4028022,0.2847092799931712,11507_20260331
20260331,4462876,33803,53954.0,17457.0,3411.0,3087539,3805887,0.2772203395299354,33803_20260331
20260331,4461113,17842,55014.0,15923.0,8383.0,3344027,3888893,0.2344706354669787,17842_20260331
20260331,4450684,9622,51020.0,16572.0,20190.0,2512493,3837865,0.2912810705051178,9622_20260331
20260331,4438460,19080,46928.0,16942.0,1374.0,2466263,3852760,0.2751630069889105,19080_20260331
20260331,4426195,33664,,,,4211177,3355745,0.0,33664_20260331
20260331,4391138,1014,53265.0,14296.0,5976.0,2957777,3671307,0.6872250428021165,1014_20260331
20260331,4384743,27677,61532.0,17058.0,10103.0,3614466,3646303,1.0710319852269563,27677_20260331
20260331,4382686,31313,47859.0,13259.0,16027.0,1356368,3457456,1.0307149542540808,31313_20260331
20260331,4371214,34788,51022.0,15861.0,2646.0,3062235,3904079,0.3130022918118399,34788_20260331
20260331,4320998,15229,61896.0,13582.0,9080.0,3485973,3571989,0.9373297557647564,15229_20260331
20260331,4290141,12982,55923.0,15761.0,8793.0,3196071,3521322,0.6906299816253125,12982_20260331
20260331,4272272,20099,38628.0,15261.0,45003.0,678066,2582186,0.0,20099_20260331
20260331,4270088,20164,54980.0,17634.0,4403.0,3403514,3453866,0.5263123382937307,20164_20260331
20260331,4238557,57968,53482.0,9788.0,13555.0,3572665,3431394,2.363351489669716,57968_20260331
20260331,4236274,1617,47745.0,9022.0,12445.0,3128864,3613645,0.1864374211866371,1617_20260331
20260331,4186507,58816,56801.0,12601.0,4315.0,3281566,3385924,1.1689697401676384,58816_20260331
20260331,4165370,19459,47520.0,12578.0,7017.0,2543930,3531625,0.2054319304167457,19459_20260331
20260331,4147953,32612,55643.0,14289.0,11816.0,3187007,3543927,1.9591832405044127,32612_20260331
20260331,4147949,22918,62113.0,17807.0,4557.0,3518296,3691233,0.261647382839085,22918_20260331
20260331,4106696,35237,87106.0,47703.0,16994.0,4044134,1358969,0.9048880170336444,35237_20260331
20260331,4073384,15399,44123.0,14245.0,6848.0,2179008,3577272,0.7096065580853659,15399_20260331
20260331,4050082,21843,43358.0,16423.0,168987.0,428884,2826473,0.0,21843_20260331
20260331,4046537,57044,53781.0,14371.0,2137.0,2962928,3402697,0.9731036686430892,57044_20260331
20260331,4041585,24920,48947.0,3780.0,2213.0,2991861,3467016,0.5916985539089243,24920_20260331
20260331,4028761,27774,44718.0,8193.0,14990.0,2932800,3608897,0.5364428418563425,27774_20260331
20260331,4025456,30076,47592.0,6286.0,1643.0,3249011,3115631,0.4261628993087987,30076_20260331
20260331,4010571,32296,54803.0,22535.0,13823.0,3512120,3485352,0.5728610714035482,32296_20260331
20260331,4010344,15614,47391.0,11855.0,2543.0,2961210,3341862,0.0,15614_20260331
20260331,3992204,15815,50106.0,12189.0,12120.0,2912352,3114713,0.1519461430327708,15815_20260331
20260331,3970761,58481,55853.0,7646.0,2396.0,3258191,3227440,0.5545284644429619,58481_20260331
20260331,3956090,14028,52235.0,3371.0,1947.0,1886089,3512238,2.110947930911582,14028_20260331
20260331,3915224,58255,51242.0,14646.0,5607.0,2713039,3451620,0.3869254990263648,58255_20260331
20260331,3913468,32779,43651.0,9472.0,2978.0,2092895,3458796,0.2208782593852818,32779_20260331
20260331,3899410,57417,52076.0,12467.0,5172.0,2726556,3390468,0.5447747223297884,57417_20260331
20260331,3884241,22559,49388.0,12003.0,9820.0,2648157,3404968,0.7003684889789279,22559_20260331
20260331,3865992,58316,53195.0,13230.0,2836.0,3031831,3236715,0.6141761286624494,58316_20260331
20260331,3821766,4705,41887.0,13223.0,6044.0,2113906,3178244,0.001936277626626,4705_20260331
20260331,3820112,12383,49533.0,9768.0,2657.0,2899593,3506674,0.1817485979468664,12383_20260331
20260331,3808127,27054,33107.0,18114.0,25947.0,67726,3230543,0.0,27054_20260331
20260331,3798501,1213,33094.0,-2460.0,64955.0,2440124,2568130,2.452335802991759,1213_20260331
20260331,3794060,8136,41807.0,10500.0,6102.0,2045197,3112058,0.1149955456687558,8136_20260331
20260331,3791183,33646,,,,2237913,3099758,0.0,33646_20260331
20260331,3756419,35278,67226.0,10595.0,9091.0,2950160,3314017,1.6507476934814782,35278_20260331
20260331,3751904,22597,41195.0,13794.0,7968.0,2445544,2932864,0.277459124753725,22597_20260331
20260331,3725841,17159,48452.0,12080.0,7202.0,2879839,2862466,0.0683604050736464,17159_20260331
20260331,3714223,32974,78181.0,8328.0,11105.0,2584808,3236690,1.3177453265460906,32974_20260331
20260331,3705164,22257,44837.0,8726.0,10781.0,2408296,3074075,0.5303408971910556,22257_20260331
20260331,3697225,23030,48448.0,12557.0,2281.0,2520828,3147540,0.6220070458249093,23030_20260331
20260331,3688224,1399,46363.0,15046.0,7074.0,2469893,3138859,0.9782214963082502,1399_20260331
20260331,3666225,19008,46559.0,10815.0,731.0,2905918,2743353,0.985209582063294,19008_20260331
20260331,3660167,11666,43170.0,13010.0,9016.0,1750216,3134792,0.1194207805272273,11666_20260331
20260331,3644798,13012,37853.0,12713.0,12214.0,2422486,3079480,0.4856784930193662,13012_20260331
20260331,3588697,34562,43177.0,2790.0,4138.0,2707524,3238304,0.1809849090073639,34562_20260331
20260331,3578112,57348,50243.0,5306.0,1619.0,3141746,3232140,2.4260000804893758,57348_20260331
20260331,3551779,12839,50039.0,13947.0,4544.0,2508195,3118046,0.6351746547293624,12839_20260331
20260331,3550585,6085,43782.0,16234.0,13404.0,2086488,2847019,0.0857605155206818,6085_20260331
20260331,3543498,28094,47740.0,12101.0,3765.0,2696024,3032983,1.1249618315009633,28094_20260331
20260331,3542800,27052,45552.0,11883.0,2582.0,2693581,2992145,0.5991306311392119,27052_20260331
20260331,3501204,34533,54187.0,10273.0,6990.0,2817976,2862785,1.400403975318205,34533_20260331
20260331,3497348,22134,53483.0,16182.0,1961.0,2601309,3119198,0.258681721121261,22134_20260331
20260331,3479542,34618,45273.0,17696.0,2919.0,2646927,2879981,0.1575207311766893,34618_20260331
20260331,3479335,5969,43233.0,9968.0,4773.0,2659714,2815802,0.3273326655812102,5969_20260331
20260331,3466631,34011,46747.0,19865.0,3759.0,2662665,2828268,0.4892646491651404,34011_20260331
20260331,3459562,30470,43438.0,3317.0,1483.0,2863563,2994712,0.6225065485168354,30470_20260331
20260331,3418297,35530,45740.0,6992.0,7524.0,2663348,2971311,0.6535710618474638,35530_20260331
20260331,3409023,24347,39797.0,11569.0,9333.0,1710823,3027272,0.383306302128205,24347_20260331
20260331,3395119,57463,48831.0,10845.0,3315.0,2843211,2898675,0.2410813877216086,57463_20260331
20260331,3393780,26725,45287.0,12969.0,4360.0,2068368,2995802,0.5325330457483985,26725_20260331
20260331,3364622,57368,50536.0,12953.0,3356.0,2832678,2912453,0.5669284692307189,57368_20260331
20260331,3345447,34980,39166.0,12268.0,5690.0,2234446,2954518,0.1274568092096512,34980_20260331
20260331,3345441,30895,46089.0,8823.0,3130.0,2602387,2656355,1.3305570177444468,30895_20260331
20260331,3336853,33216,50866.0,15773.0,8946.0,2520098,2885093,0.4740094933759443,33216_20260331
20260331,3334131,15091,41897.0,7859.0,4859.0,2418513,2764955,0.317054128946943,15091_20260331
20260331,3329445,34120,45002.0,15886.0,5439.0,2666799,2738030,0.3213448487660856,34120_20260331
20260331,3323022,8870,41159.0,8949.0,7074.0,2210429,2856705,0.498973524701311,8870_20260331
20260331,3321035,58314,41319.0,10589.0,1946.0,2374502,2888372,0.2379980939676938,58314_20260331
20260331,3302130,18190,34846.0,6381.0,5062.0,2298276,2521091,0.2200095090138789,18190_20260331
20260331,3296457,10988,66868.0,17429.0,3845.0,2764043,2518510,3.295083175664054,10988_20260331
20260331,3296280,4028,45951.0,12183.0,10029.0,2779888,2957664,0.3409297753831592,4028_20260331
20260331,3289470,31189,48662.0,9347.0,1915.0,2700777,2148171,0.619370293694729,31189_20260331
20260331,3277152,34603,44771.0,8169.0,5892.0,2381134,2902406,1.0777650838288857,34603_20260331
20260331,3275311,19600,45099.0,8354.0,11908.0,2453201,2731192,0.8785119947388201,19600_20260331
20260331,3270641,26484,44140.0,10297.0,2689.0,2428992,2652134,0.3539061609024041,26484_20260331
20260331,3268333,35541,40590.0,5742.0,2003.0,2655981,2672925,1.9818360001872517,35541_20260331
20260331,3267608,3276,48524.0,16550.0,6405.0,2468308,2744495,0.5173509184700246,3276_20260331
20260331,3267182,18266,55494.0,14313.0,1215.0,2841853,2721960,2.060307629020973,18266_20260331
20260331,3266467,8468,32870.0,7507.0,6328.0,1712722,2837604,0.4580484052035425,8468_20260331
20260331,3260267,17514,43419.0,6884.0,3008.0,2524428,3005844,0.2739039471307104,17514_20260331
20260331,3253225,7506,42218.0,14116.0,5928.0,2340785,2547960,0.2946307126005733,7506_20260331
20260331,3238793,57607,41161.0,6869.0,8090.0,2697740,2849971,0.7121171374644814,57607_20260331
20260331,3203414,57633,49332.0,8602.0,5151.0,2680413,2658034,0.5702665968245129,57633_20260331
20260331,3190224,27235,37516.0,8319.0,6176.0,1837874,2810966,0.327124364934876,27235_20260331
20260331,3181793,21591,32692.0,10830.0,3624.0,1726387,2779134,0.096895052569416,21591_20260331
20260331,3174990,32941,38999.0,17408.0,6196.0,2390105,2747219,0.0050708821130145,32941_20260331
20260331,3168602,32574,31979.0,20028.0,22412.0,361758,947311,4.343303450543805,32574_20260331
20260331,3165021,4256,39432.0,9313.0,4147.0,2379940,2665385,0.5302966394219818,4256_20260331
20260331,3157745,23622,37398.0,5532.0,5201.0,2628636,2641917,0.5010220901307737,23622_20260331
20260331,3155799,29708,43565.0,9454.0,2706.0,2150456,1895482,0.6601814627610948,29708_20260331
20260331,3154274,34073,41050.0,11542.0,2498.0,2393106,2663441,0.3458482046898906,34073_20260331
20260331,3153919,7799,40512.0,616.0,8196.0,2354679,2620675,1.3352594026669675,7799_20260331
20260331,3143422,1291,43515.0,10967.0,6315.0,2367470,2835352,0.8908126239493138,1291_20260331
20260331,3142342,20884,37221.0,5551.0,12043.0,1694620,2867856,0.8436701033814907,20884_20260331
20260331,3138633,58339,,,,3079667,1802371,0.0,58339_20260331
20260331,3135122,58115,47083.0,11308.0,3719.0,2761671,2744392,0.3866516199369593,58115_20260331
20260331,3128951,33860,37770.0,9535.0,7246.0,2068912,2868514,0.110835867995376,33860_20260331
20260331,3117180,14863,42294.0,7131.0,2326.0,2539863,2569172,0.6881861169390282,14863_20260331
20260331,3092675,33867,36620.0,9673.0,5907.0,2023632,2726533,0.3686452666381045,33867_20260331
20260331,3072746,22451,40715.0,9336.0,3256.0,2272069,2647323,0.414482680963542,22451_20260331
20260331,3068942,18129,38229.0,4014.0,3632.0,2468715,2456888,0.5996203251804694,18129_20260331
20260331,3065066,21031,32499.0,9155.0,4683.0,1942586,2759550,0.1973856354153548,21031_20260331
20260331,3051213,17764,38445.0,6523.0,1900.0,2311574,2339745,1.6197492603761192,17764_20260331
20260331,3034068,1058,40718.0,9961.0,4509.0,2372751,2521420,1.002779107126142,1058_20260331
20260331,3022065,7593,40251.0,10990.0,3628.0,2281202,2458046,1.3270065336119508,7593_20260331
20260331,3019439,30401,34311.0,4683.0,2485.0,2130950,2428383,0.3971267510289163,30401_20260331
20260331,3016164,33503,45936.0,14177.0,2153.0,2569805,2380431,1.067050730663187,33503_20260331
20260331,3011349,15953,42188.0,6755.0,5402.0,2071749,2650011,1.5500694207147694,15953_20260331
20260331,2999669,23647,40453.0,10036.0,21400.0,1736623,2455242,0.5904651479879947,23647_20260331
20260331,2995084,18013,33953.0,3061.0,4537.0,2448735,2663327,0.0874766784504207,18013_20260331
20260331,2977085,25093,36330.0,6840.0,7390.0,1857022,2577829,0.8686349230875168,25093_20260331
20260331,2965709,32647,37058.0,9312.0,6567.0,2397721,2611306,0.1967489055736756,32647_20260331
20260331,2965084,16958,40405.0,9350.0,4328.0,2247287,2599116,0.5761388210249693,16958_20260331
20260331,2964249,19220,30902.0,4970.0,3134.0,1750753,2664822,0.3494645692720146,19220_20260331
20260331,2959361,26906,36654.0,-95.0,11553.0,1715374,2546780,0.7095112762518665,26906_20260331
20260331,2950523,16604,41857.0,6916.0,5891.0,1815547,2561362,0.4041995266601887,16604_20260331
20260331,2938465,15310,36114.0,5473.0,5146.0,1629389,2510438,1.2335692274708054,15310_20260331
20260331,2933852,23473,36669.0,6870.0,4010.0,2070227,2488727,0.3050596962627971,23473_20260331
20260331,2933056,10044,36914.0,12266.0,4082.0,1610379,2317148,0.5791911235244059,10044_20260331
20260331,2930432,8866,35236.0,8911.0,7870.0,2011500,2554320,0.6643047850965318,8866_20260331
20260331,2917042,29488,31542.0,6380.0,2602.0,2389015,2180320,0.3787741143254022,29488_20260331
20260331,2916156,90290,31132.0,6753.0,4187.0,2084166,2365279,0.4893771115125528,90290_20260331
20260331,2915509,698,39059.0,4526.0,2790.0,2214355,2522507,0.3797278622703617,698_20260331
20260331,2915023,57997,35568.0,10930.0,1808.0,1346612,2356588,0.2687114304072386,57997_20260331
20260331,2901954,34885,41517.0,7218.0,1670.0,2095584,2578238,0.4257131574104896,34885_20260331
20260331,2898815,34588,19448.0,126092.0,224576.0,0,0,0.0,34588_20260331
20260331,2895001,57591,42492.0,15599.0,1937.0,2184598,2476069,0.6151984058036595,57591_20260331
20260331,2894748,17741,36857.0,7017.0,2827.0,2380925,2271157,0.4598327730082204,17741_20260331
20260331,2885657,90196,34421.0,2557.0,12680.0,2247567,2481234,1.2101576867936834,90196_20260331
20260331,2872182,6423,35818.0,12694.0,-825.0,1957307,2472589,0.4149458495318193,6423_20260331
20260331,2866781,57244,34318.0,17429.0,12066.0,1995695,1979936,0.4196344262083501,57244_20260331
20260331,2864973,24387,37903.0,3727.0,629.0,2695784,2273913,4.11529183695623,24387_20260331
20260331,2864702,34656,52867.0,17279.0,584.0,2352132,2434036,0.6519351751072189,34656_20260331
20260331,2859364,11868,30989.0,7923.0,5312.0,2003093,2577146,0.0852287431750557,11868_20260331
20260331,2858811,19573,41454.0,11883.0,1681.0,2258741,2451882,0.033405496201043,19573_20260331
20260331,2853576,7900,37643.0,9177.0,1972.0,2171349,2478725,1.2094648959761365,7900_20260331
20260331,2842514,57369,37032.0,11016.0,4708.0,2214949,2512559,0.1280556577733654,57369_20260331
20260331,2826945,58309,36123.0,10324.0,2310.0,1842363,2172736,2.742005946348443,58309_20260331
20260331,2811973,18012,31663.0,6593.0,3815.0,2136152,2437963,0.2626269882392185,18012_20260331
20260331,2810125,1528,34363.0,5716.0,3823.0,1830826,2174637,0.9571460344290736,1528_20260331
20260331,2802372,90215,33617.0,6270.0,4239.0,2261982,2228250,0.4863023181790283,90215_20260331
20260331,2794851,16470,33712.0,7636.0,8973.0,1899942,2530809,0.5654684274760979,16470_20260331
20260331,2790564,10363,39252.0,7892.0,8371.0,2090903,2410464,0.0758628004948103,10363_20260331
20260331,2781577,22957,36709.0,7335.0,1586.0,1509699,2468826,1.3005931527331438,22957_20260331
20260331,2773623,4789,35939.0,10501.0,6078.0,1971393,2501889,0.1918068894006143,4789_20260331
20260331,2769160,18198,34432.0,5853.0,6661.0,2029716,2259561,0.8808086206647503,18198_20260331
20260331,2764700,27074,54322.0,27239.0,1271.0,2207846,2223978,2.3014793648497127,27074_20260331
20260331,2761354,90300,30279.0,5554.0,3445.0,2180505,2383591,0.1679248658447993,90300_20260331
20260331,2748374,597,33585.0,9815.0,5909.0,2289523,2322605,0.3439852072534524,597_20260331
20260331,2734177,18561,33186.0,1777.0,13765.0,1771913,2471235,0.7138894080375923,18561_20260331
20260331,2730496,29683,22936.0,1626.0,2821.0,1421941,2163072,2.147888149259329,29683_20260331
20260331,2712746,2315,37345.0,8594.0,5496.0,1995907,2458339,0.2552395248209748,2315_20260331
20260331,2712157,20231,33969.0,9311.0,2141.0,1865497,2345267,1.2622425619165851,20231_20260331
20260331,2700336,5146,25526.0,11667.0,468.0,1777315,1786130,0.807899461400359,5146_20260331
20260331,2699382,57944,38537.0,7737.0,4056.0,2215351,2328101,1.8184532607833943,57944_20260331
20260331,2697498,12944,34419.0,11660.0,2483.0,1924119,2363814,0.9652648491305648,12944_20260331
20260331,2693463,58291,42414.0,12465.0,1942.0,2111324,2375837,1.6019525792632012,58291_20260331
20260331,2689580,5744,32233.0,9791.0,2051.0,1985472,2260897,0.0867793484484566,5744_20260331
20260331,2688272,8235,34921.0,8248.0,6238.0,1738798,2283093,0.3774543647369016,8235_20260331
20260331,2680831,8283,51707.0,10485.0,52467.0,1076948,2386401,0.9399697332655436,8283_20260331
20260331,2675774,57071,40524.0,8405.0,3077.0,2255285,2244675,0.6698622529406445,57071_20260331
20260331,2675658,58057,34187.0,5366.0,1292.0,2145528,2091573,0.2718583615693785,58057_20260331
20260331,2669355,17964,37567.0,11958.0,4724.0,1890893,2341497,0.3915927255835211,17964_20260331
20260331,2661080,24516,32422.0,7724.0,4283.0,1584300,2321811,1.7120116644369954,24516_20260331
20260331,2658605,57701,33814.0,12246.0,14325.0,2054524,2260607,0.3200550664728306,57701_20260331
20260331,2651012,57449,75291.0,13004.0,1115.0,2390231,2133810,0.433796602957663,57449_20260331
20260331,2648458,19531,35870.0,5841.0,3560.0,2158780,2258445,0.3499394742148072,19531_20260331
20260331,2646823,5496,35600.0,7709.0,5008.0,1988594,2383220,0.4603254543276977,5496_20260331
20260331,2632362,57716,34336.0,8371.0,1599.0,1990806,2267047,0.6316380497819069,57716_20260331
20260331,2609889,12517,40249.0,9767.0,5605.0,2032630,2174252,1.3360338313238609,12517_20260331
20260331,2607581,33005,34740.0,11299.0,3638.0,2017012,2231190,0.628705301963774,33005_20260331
20260331,2592134,34404,118722.0,31428.0,27441.0,2167691,2016880,0.4773287183455793,34404_20260331
20260331,2590607,28679,31262.0,6348.0,4550.0,2001473,2163064,0.0695975885188297,28679_20260331
20260331,2586584,19899,38854.0,12217.0,1125.0,1984970,2156560,2.084177432474646,19899_20260331
20260331,2585304,9123,46269.0,12745.0,2932.0,2159969,2214149,0.7228937099853634,9123_20260331
20260331,2582570,14382,33051.0,8363.0,1946.0,1865995,2152772,0.9796055866830328,14382_20260331
20260331,2578510,24897,35731.0,13188.0,2509.0,1573138,2227163,0.5102171409069578,24897_20260331
20260331,2577832,33111,31209.0,1688.0,-2074.0,1719756,1506160,0.2817483839133039,33111_20260331
20260331,2576353,23620,30856.0,2057.0,955.0,1982964,2049446,0.8236837110442551,23620_20260331
20260331,2575135,57777,40712.0,2935.0,7067.0,2199283,2173674,2.4173489933537464,57777_20260331
20260331,2572193,57510,39038.0,9491.0,1616.0,2151908,2202730,0.6345946824363491,57510_20260331
20260331,2556320,90303,28633.0,4339.0,1609.0,1663289,2248323,0.1403188959128747,90303_20260331
20260331,2554094,3887,36144.0,7091.0,3800.0,2023052,2117947,0.1478019211509051,3887_20260331
20260331,2545338,22334,35047.0,8059.0,1968.0,2155503,1997100,0.4157011760324169,22334_20260331
20260331,2542843,3664,32994.0,7454.0,4554.0,1944457,2281891,0.6449867333531799,3664_20260331
20260331,2539080,19333,33224.0,9951.0,8652.0,1610226,2194473,1.9049025631331036,19333_20260331
20260331,2533545,958,29438.0,7834.0,3229.0,1635512,1986150,0.2040224270735274,958_20260331
20260331,2515559,59205,35296.0,6352.0,1164.0,1236100,1956754,0.9820878778832062,59205_20260331
20260331,2513864,6158,31150.0,5243.0,2901.0,1920370,2182062,0.0978175430333542,6158_20260331
20260331,2507344,27046,33968.0,6440.0,4200.0,1654174,2194135,0.6016326439451467,27046_20260331
20260331,2495690,5551,28183.0,5004.0,4593.0,1303179,2029341,0.0281284935228333,5551_20260331
20260331,2472114,30953,21539.0,5803.0,1919.0,493023,2126939,0.0443749762349147,30953_20260331
20260331,2470409,22373,34220.0,5463.0,7129.0,1867713,2191387,0.771086892899111,22373_20260331
20260331,2469605,19559,41698.0,14049.0,5365.0,2044937,2018828,0.6963056845123006,19559_20260331
20260331,2460076,11112,33151.0,6765.0,4937.0,1606594,2016190,0.9884653970039948,11112_20260331
20260331,2449456,12769,33153.0,12081.0,4486.0,1468362,2184778,0.4958243789641455,12769_20260331
20260331,2444828,34908,39993.0,12873.0,4889.0,1878270,2150278,0.1864752857869756,34908_20260331
20260331,2435028,3256,30752.0,10525.0,4595.0,1593350,2077026,0.0,3256_20260331
20260331,2423392,58892,30424.0,7429.0,3709.0,1875820,1775974,0.6762834902483792,58892_20260331
20260331,2423035,7493,27802.0,5346.0,4347.0,1630102,2074075,0.5705241566877903,7493_20260331
20260331,2408557,2711,30242.0,6929.0,2991.0,1620119,2142558,0.199870710969265,2711_20260331
20260331,2405103,58140,38956.0,13841.0,6455.0,1790728,2120730,0.0306016000146355,58140_20260331
20260331,2401075,34047,28030.0,6074.0,4660.0,1537715,2053452,0.0355257540893141,34047_20260331
20260331,2396023,90282,28515.0,4053.0,4281.0,1856697,1949984,0.2789622637178358,90282_20260331
20260331,2395630,35274,29388.0,1162.0,1897.0,1814715,1974131,0.9335748842684388,35274_20260331
20260331,2394258,57103,30356.0,11070.0,2364.0,1760097,2052032,0.0913853060112987,57103_20260331
20260331,2375423,23799,29273.0,9507.0,2574.0,1320947,2095512,0.0930781591320787,23799_20260331
20260331,2369373,58675,32292.0,2508.0,2744.0,1989841,2051549,1.0650919040606943,58675_20260331
20260331,2364087,8021,27938.0,10296.0,4443.0,1279551,2110472,0.0233493945019789,8021_20260331
20260331,2359213,18204,24901.0,1414.0,2347.0,1786405,1770464,0.1883255136352673,18204_20260331
20260331,2348968,14521,31647.0,7406.0,2597.0,1778207,1968179,1.2089138719641987,14521_20260331
20260331,2348668,58243,29082.0,6571.0,298.0,1953760,1992852,0.0425347473546708,58243_20260331
20260331,2346155,57756,32568.0,6425.0,1959.0,1811050,2059588,0.7750127336002949,57756_20260331
20260331,2345636,14065,29516.0,6786.0,6025.0,1730981,2091603,0.2346485132390532,14065_20260331
20260331,2342102,2138,27980.0,6056.0,4609.0,1340721,2111006,0.2726183573559136,2138_20260331
20260331,2330933,58696,29822.0,7028.0,883.0,1904157,2037228,0.5245968030827141,58696_20260331
20260331,2326833,26960,38982.0,3957.0,1960.0,2158278,1978101,3.545505844209705,26960_20260331
20260331,2324050,19123,32630.0,5413.0,5375.0,1854083,1959495,1.7918289193433876,19123_20260331
20260331,2307886,22354,29382.0,10383.0,2450.0,1861609,1926860,0.2788699268508063,22354_20260331
20260331,2302796,10307,33060.0,11756.0,4148.0,1545069,2018333,0.3480551468736266,10307_20260331
20260331,2300997,1265,24779.0,5796.0,6081.0,960831,1943353,0.1861801645112966,1265_20260331
20260331,2298449,8405,28333.0,7251.0,5459.0,1553547,1890349,0.3697710934634616,8405_20260331
20260331,2297413,3864,31057.0,11493.0,6293.0,1573618,1992828,0.1911280209522624,3864_20260331
20260331,2277493,26856,30126.0,8092.0,3998.0,1436324,1997153,0.0032930946439791,26856_20260331
20260331,2275809,9923,41720.0,8302.0,4279.0,1769054,2056739,0.5415217182109746,9923_20260331
20260331,2272510,58536,20495.0,3037.0,5103.0,1187731,1906809,0.1150269965808731,58536_20260331
20260331,2255917,18059,32505.0,12532.0,1471.0,1657266,1905105,0.5499759078015725,18059_20260331
20260331,2253363,58513,31338.0,6482.0,2184.0,1799100,1947004,0.7312625617798819,58513_20260331
20260331,2252598,28513,29201.0,5974.0,20117.0,1810953,1465485,0.3463556302544883,28513_20260331
20260331,2249066,15555,29976.0,4702.0,4672.0,1954643,1887145,0.3033259139571715,15555_20260331
20260331,2248800,26223,35082.0,8319.0,734.0,1886140,1886424,1.6275346851654215,26223_20260331
20260331,2242998,1117,29376.0,6732.0,2838.0,1543685,1957939,0.4193048767765285,1117_20260331
20260331,2240710,24563,28574.0,11281.0,2780.0,1088117,1949063,0.0879631902388082,24563_20260331
20260331,2233698,6623,25398.0,5016.0,5172.0,1687740,1839387,0.1469760012320376,6623_20260331
20260331,2227906,30303,26357.0,5998.0,172.0,1937263,1417879,1.3797260746189473,30303_20260331
20260331,2221191,23992,27060.0,3744.0,2308.0,1730836,1681602,0.9216226790041918,23992_20260331
20260331,2220487,57742,31217.0,4684.0,406.0,1850962,1921378,2.4700437336494203,57742_20260331
20260331,2216638,172,28886.0,14735.0,7982.0,916351,1946159,0.1247835686296093,172_20260331
20260331,2212952,20741,28290.0,5432.0,4016.0,1700958,1890588,0.406154313333502,20741_20260331
20260331,2212532,34888,36940.0,12100.0,853.0,2008375,1701532,0.5544778561394818,34888_20260331
20260331,2205885,8252,34785.0,6573.0,2135.0,1917197,1922861,0.6877965079775238,8252_20260331
20260331,2205753,14266,32652.0,9658.0,1961.0,1668839,1840777,0.4685474756239706,14266_20260331
20260331,2203614,1005,25161.0,5754.0,4625.0,1545289,1890688,0.2004888333437707,1005_20260331
20260331,2199524,23275,29884.0,9906.0,2403.0,1486412,1778694,0.6543688543521234,23275_20260331
20260331,2198462,253,24896.0,5415.0,966.0,1782920,1894748,0.0142827121869743,253_20260331
20260331,2166977,5854,29687.0,7256.0,3039.0,1723314,1884857,0.3352135255704144,5854_20260331
20260331,2162070,18734,35971.0,20201.0,41866.0,1642217,1936193,4.561693192172316,18734_20260331
20260331,2161721,25620,128625.0,146082.0,397489.0,1534619,1216688,2.984982798427734,25620_20260331
20260331,2161369,17470,25984.0,1339.0,866.0,1470955,1750105,0.5084277603685442,17470_20260331
20260331,2149085,9204,33257.0,10229.0,2976.0,1330738,1773365,0.4910461894248017,9204_20260331
20260331,2148686,34681,27457.0,7934.0,1597.0,1615565,1802480,0.3035343461073418,34681_20260331
20260331,2143460,28263,28128.0,5977.0,1466.0,1764896,1811477,0.9476733878868744,28263_20260331
20260331,2139871,5415,27779.0,3634.0,3383.0,1444204,1874585,0.173515132454246,5415_20260331
20260331,2135629,33758,24223.0,5800.0,3715.0,1275680,1853356,0.5932210135749233,33758_20260331
20260331,2134039,30052,24171.0,-5169.0,368.0,1676520,1544566,0.5544416011141314,30052_20260331
20260331,2125608,16250,20888.0,3498.0,3978.0,1377583,1771846,0.0995950335151166,16250_20260331
20260331,2120392,21573,27896.0,8796.0,2272.0,1692109,1852587,0.3207425796739471,21573_20260331
20260331,2119347,58811,28319.0,6346.0,595.0,1669832,1872570,0.1521695125904347,58811_20260331
20260331,2115202,28405,25310.0,774.0,1937.0,1614319,1610758,1.092425215180394,28405_20260331
20260331,2114203,33684,,,,1694843,0,0.0,33684_20260331
20260331,2110424,7151,24457.0,5490.0,4424.0,1531825,1922719,0.3584113903177749,7151_20260331
20260331,2109952,5574,33506.0,11331.0,2727.0,1890253,1807591,0.7896862108711479,5574_20260331
20260331,2105071,4016,26155.0,5669.0,5537.0,1532632,1758940,0.3110108875187582,4016_20260331
20260331,2101863,20488,25089.0,7981.0,2362.0,1285413,1907138,0.0265954536523074,20488_20260331
20260331,2099477,13063,24666.0,4534.0,3434.0,1707899,1668765,0.1266029587368664,13063_20260331
20260331,2095241,34068,31721.0,12413.0,6584.0,1750790,1790859,0.2565337352600488,34068_20260331
20260331,2089318,30182,26502.0,4625.0,4595.0,1511760,1802962,0.2682214962011527,30182_20260331
20260331,2080808,17658,25571.0,4533.0,2664.0,1548894,1613762,0.180987385669413,17658_20260331
20260331,2076629,6917,24329.0,5546.0,3962.0,1449708,1853541,0.2140488262467682,6917_20260331
20260331,2072897,4160,32426.0,3496.0,2090.0,1679898,1809952,2.6120448821142586,4160_20260331
20260331,2058919,19772,28403.0,5183.0,3455.0,1517119,1775232,0.8091624779799497,19772_20260331
20260331,2046492,14712,41540.0,12938.0,14559.0,1458678,1534904,0.6455925554558728,14712_20260331
20260331,2046279,28453,25955.0,7207.0,2852.0,1452519,1743622,0.4718809116449907,28453_20260331
20260331,2041261,58783,28613.0,5562.0,4939.0,1645551,1794367,0.7151461767995372,58783_20260331
20260331,2036398,21956,21858.0,3335.0,3611.0,1378124,1793788,0.1071990838726025,21956_20260331
20260331,2035262,3719,30670.0,6253.0,366.0,1702987,1827517,0.232746447386135,3719_20260331
20260331,2033847,26336,24318.0,1968.0,817.0,1666281,1829768,0.2813387634369743,26336_20260331
20260331,2028949,25258,23852.0,-2147.0,128.0,918896,1808254,0.0236575685243936,25258_20260331
20260331,2019844,29147,35889.0,10358.0,916.0,1820689,1636252,0.0,29147_20260331
20260331,2017659,23293,19060.0,3307.0,1861.0,1244751,1777322,0.3038670062681553,23293_20260331
20260331,2014507,29523,22721.0,2272.0,2448.0,1437833,1719631,0.7123827318544934,29523_20260331
20260331,2014346,15118,24874.0,7764.0,22756.0,1533267,1237261,2.4910814725970614,15118_20260331
20260331,2012851,4857,25409.0,6882.0,5325.0,1505647,1758118,0.2904338175056176,4857_20260331
20260331,2011548,28116,18031.0,4833.0,1918.0,904669,1387758,0.1529667698707662,28116_20260331
20260331,2009991,33457,22545.0,5561.0,1655.0,1132713,1781504,0.2372647439714904,33457_20260331
20260331,2009091,90188,24240.0,4204.0,2593.0,1585669,1751233,0.6993710090782349,90188_20260331
20260331,2005305,3809,29274.0,8233.0,3362.0,1770243,1817252,0.9556650983266884,3809_20260331
20260331,2004124,33119,26342.0,5111.0,3780.0,1257930,1844106,0.1701990495598076,33119_20260331
20260331,1994473,10667,26679.0,6044.0,2579.0,1481693,1684618,0.3172266558634787,10667_20260331
20260331,1991136,16216,26479.0,5189.0,3218.0,1376191,1706856,0.3879694807386336,16216_20260331
20260331,1990854,57873,28164.0,5814.0,3642.0,1449892,1686692,1.520101423811088,57873_20260331
20260331,1981114,15809,29361.0,9959.0,2891.0,1473600,1738414,1.7173670975017086,15809_20260331
20260331,1980496,14969,27620.0,5737.0,3485.0,1699818,1516052,0.5143660981895445,14969_20260331
20260331,1973803,58490,26081.0,-1703.0,1965.0,1478842,1655342,2.128631884742297,58490_20260331
20260331,1972804,33188,24990.0,2823.0,753.0,1727173,1664812,0.4853497863954047,33188_20260331
20260331,1969645,18922,21045.0,3898.0,3515.0,1162369,1768019,0.2479126949272584,18922_20260331
20260331,1959788,20954,24258.0,9520.0,2245.0,1317564,1748773,0.0220432005910843,20954_20260331
20260331,1955338,18402,23891.0,6426.0,1780.0,1223935,1572309,0.9445425803620652,18402_20260331
20260331,1950418,58264,24240.0,7794.0,2534.0,1347943,1714210,3.733404839372893,58264_20260331
20260331,1950198,28905,29665.0,9848.0,7994.0,1635425,1618669,3.022462334593718,28905_20260331
20260331,1948394,19506,27274.0,6025.0,6180.0,1621946,1681097,1.3642517889092247,19506_20260331
20260331,1944068,4147,33783.0,12006.0,1966.0,1578241,1671420,0.5008569659086,4147_20260331
20260331,1940788,2102,20315.0,6823.0,2410.0,845854,1618302,0.0283905300321312,2102_20260331
20260331,1932462,34254,26688.0,6083.0,1841.0,1432365,1683788,0.5430895924473547,34254_20260331
20260331,1931310,32912,21314.0,6820.0,4073.0,1062237,1631125,0.1387141370365192,32912_20260331
20260331,1931040,2240,25254.0,14007.0,2791.0,1119150,1663045,0.312991962880106,2240_20260331
20260331,1929221,58689,23864.0,5028.0,1647.0,1465099,1596546,0.0,58689_20260331
20260331,1925047,18199,22452.0,3443.0,2796.0,1472666,1632120,0.3666403989097408,18199_20260331
20260331,1924057,3440,20962.0,5974.0,1740.0,1064622,1695551,0.3201048617582535,3440_20260331
20260331,1919735,4009,27241.0,3083.0,5392.0,1356097,1638131,1.7014327498326591,4009_20260331
20260331,1919385,34805,26322.0,7772.0,1602.0,1467531,1684433,0.0067730028107961,34805_20260331
20260331,1918524,58595,15544.0,8201.0,2642.0,269766,1741419,0.0,58595_20260331
20260331,1907111,18258,22066.0,4974.0,2901.0,1413193,1666074,0.5111396242798663,18258_20260331
20260331,1900140,34207,33198.0,8423.0,6188.0,1587030,1678791,1.3835296346584989,34207_20260331
20260331,1899721,7714,22286.0,3759.0,1887.0,1274471,1655155,0.506074313017543,7714_20260331
20260331,1895394,23286,20824.0,1371.0,2713.0,1420372,1370455,0.4947783943602227,23286_20260331
20260331,1887262,18213,20702.0,2844.0,1461.0,1467196,1427421,0.0805929436400457,18213_20260331
20260331,1880365,18355,20637.0,1803.0,1795.0,1282537,1615206,0.0371736338423657,18355_20260331
20260331,1879784,4993,21916.0,6719.0,6912.0,1286495,1630652,0.7884416507428512,4993_20260331
20260331,1878566,90227,24042.0,3130.0,1117.0,1461319,1615472,0.7317815823346105,90227_20260331
20260331,1862376,3387,26228.0,6280.0,2533.0,1345957,1655769,0.4019059523962937,3387_20260331
20260331,1848366,24540,30358.0,9773.0,90.0,1558549,1528107,1.6204582858589696,24540_20260331
20260331,1843103,57228,18504.0,3886.0,716.0,1283791,1682340,0.0258802682215806,57228_20260331
20260331,1842799,10619,24369.0,6479.0,2682.0,1433239,1546733,0.372042745844772,10619_20260331
20260331,1838119,6123,23826.0,4088.0,4889.0,1446747,1599582,0.8094688102348107,6123_20260331
20260331,1836211,19213,24408.0,6811.0,4978.0,1319779,1540948,0.7627663705314912,19213_20260331
20260331,1835013,59074,26095.0,5026.0,1304.0,1658281,1617344,0.1803801934918172,59074_20260331
20260331,1834444,90259,19517.0,3208.0,2777.0,1338650,1607067,0.5565173970968861,90259_20260331
20260331,1828069,17897,21573.0,2574.0,1676.0,1522086,1396350,0.3833006303372575,17897_20260331
20260331,1827411,22319,27239.0,5474.0,739.0,1501010,1541168,0.399143925477082,22319_20260331
20260331,1826168,6821,18983.0,5109.0,2812.0,986259,1651055,0.031431938353974,6821_20260331
20260331,1822778,4433,23306.0,8774.0,2988.0,1329280,1599511,0.5464735694637526,4433_20260331
20260331,1820457,58054,24926.0,4352.0,950.0,1451899,1342105,1.0073844095191482,58054_20260331
20260331,1820156,57265,21551.0,4651.0,3005.0,1335940,1588094,0.9994747702944144,57265_20260331
20260331,1814144,15511,22674.0,3312.0,3821.0,953202,1626964,0.3111109151202991,15511_20260331
20260331,1804237,59177,165577.0,169535.0,164473.0,1055235,495687,0.6096760015452516,59177_20260331
20260331,1794226,1487,17608.0,5595.0,3258.0,1005239,1601354,0.0851063355452434,1487_20260331
20260331,1794219,20015,17732.0,9503.0,39891.0,250311,1643045,0.0,20015_20260331
20260331,1781141,4931,22589.0,1277.0,-83.0,1489414,1536031,0.6294841340466589,4931_20260331
20260331,1780330,14207,21200.0,-10587.0,2874.0,1146992,1537756,3.1968792302550653,14207_20260331
20260331,1779609,17751,21230.0,2491.0,2259.0,1472144,1424715,0.5208447473574251,17751_20260331
20260331,1777199,18609,22700.0,4462.0,913.0,1201168,1388283,0.06161380914574,18609_20260331
20260331,1776310,1711,24701.0,5758.0,2651.0,1225943,1502074,0.95715274923859,1711_20260331
20260331,1763293,660,16459.0,3390.0,8507.0,988273,1535038,0.2563952786065617,660_20260331
20260331,1757504,5749,21069.0,4156.0,1829.0,1110491,1542318,0.7442941808382797,5749_20260331
20260331,1755759,9978,18152.0,5407.0,1230.0,658624,1529617,0.4787673023461648,9978_20260331
20260331,1751079,59257,29648.0,5361.0,1299.0,1515372,1521716,0.024784718450738,59257_20260331
20260331,1750393,13198,23774.0,5601.0,1263.0,1266353,1538604,1.1060373299024848,13198_20260331
20260331,1740134,18272,21673.0,5755.0,1545.0,1304892,1313222,0.1461956378072033,18272_20260331
20260331,1737451,18238,19403.0,4315.0,2417.0,1293275,1184326,0.4203859562082613,18238_20260331
20260331,1737007,11771,20064.0,4032.0,1580.0,1190178,1422758,0.1906728067301974,11771_20260331
20260331,1736177,4506,19407.0,7528.0,6286.0,1174041,1382516,0.2862611358173734,4506_20260331
20260331,1733567,5956,20870.0,4688.0,6470.0,1234454,1541944,0.279539239037199,5956_20260331
20260331,1724117,6862,23885.0,6324.0,7727.0,1062944,1464336,0.212166575702229,6862_20260331
20260331,1717890,55130,15519.0,6751.0,21399.0,1129314,1243007,0.3220811576992706,55130_20260331
20260331,1717591,58433,22123.0,5308.0,1247.0,1324764,1497479,0.8375684315998395,58433_20260331
20260331,1714230,686,22879.0,7118.0,2393.0,1172517,1457729,0.5460177455767313,686_20260331
20260331,1707118,1209,22885.0,6843.0,4382.0,1132406,1525644,0.1199682740150358,1209_20260331
20260331,1704832,5019,21900.0,3607.0,2487.0,1292317,1436463,0.9071275058187552,5019_20260331
20260331,1703431,59378,3511.0,-6009.0,1192.0,0,1097732,0.0,59378_20260331
20260331,1697242,3325,23253.0,10521.0,2111.0,1324033,1483767,0.0858451534901917,3325_20260331
20260331,1694155,15912,21434.0,4262.0,1779.0,1395674,1353280,1.182064214903595,15912_20260331
20260331,1683330,5962,22690.0,20646.0,15259.0,420843,1450891,0.0034455513773294,5962_20260331
20260331,1678841,34728,26227.0,5425.0,6485.0,1300657,1426089,0.8131204801407638,34728_20260331
20260331,1676292,18185,22510.0,6621.0,3152.0,1159743,1422045,0.5190623113395518,18185_20260331
20260331,1675596,11236,22027.0,5464.0,2282.0,1349473,1443770,0.7845566592424427,11236_20260331
20260331,1672894,26517,19312.0,1859.0,1151.0,1451235,1396072,0.9020894330423804,26517_20260331
20260331,1670707,8432,21232.0,8565.0,3551.0,1085315,1492356,0.0027533253885929,8432_20260331
20260331,1668521,90173,18092.0,1340.0,1381.0,1272202,1338961,0.1097978389244127,90173_20260331
20260331,1663062,384,21838.0,4106.0,2716.0,1189886,1429085,1.1885906839312064,384_20260331
20260331,1657965,1552,20014.0,4001.0,3714.0,1062989,1412586,0.6571911952302975,1552_20260331
20260331,1653503,20818,22562.0,7377.0,2242.0,1048400,1498829,0.5863309591818098,20818_20260331
20260331,1652652,57415,17703.0,2525.0,2890.0,1106859,1495717,0.0649864581291161,57415_20260331
20260331,1651548,8904,20521.0,8457.0,3248.0,1016584,1416910,0.0051466866237009,8904_20260331
20260331,1649986,26444,21614.0,3079.0,342.0,1391487,1210901,0.0745460870577083,26444_20260331
20260331,1646148,34755,18877.0,5783.0,1489.0,1229688,1427791,0.3624825957325829,34755_20260331
20260331,1633576,16160,21406.0,8199.0,5185.0,1211752,1267880,0.4342620116847945,16160_20260331
20260331,1628308,89,23060.0,3968.0,2217.0,1294249,1434416,0.0012282688533127,89_20260331
20260331,1627182,90169,17989.0,396.0,1684.0,1197891,1304409,0.4996367953922794,90169_20260331
20260331,1624523,14158,19530.0,3240.0,2486.0,1175091,1204427,0.8209178940525927,14158_20260331
20260331,1622674,17180,19818.0,2278.0,1355.0,1409028,1328886,0.320581952998569,17180_20260331
20260331,1620643,58504,21419.0,4305.0,595.0,1319168,1323395,1.1076467797041052,58504_20260331
20260331,1620502,26523,19317.0,4609.0,2818.0,1234417,1383332,2.0422683835009154,26523_20260331
20260331,1618873,10618,24208.0,4881.0,798.0,1306170,1225471,0.9282383485301192,10618_20260331
20260331,1617776,16418,23125.0,5854.0,8046.0,1168268,1399194,0.4077820415187269,16418_20260331
20260331,1612083,90235,19904.0,2171.0,756.0,1269437,1344536,1.3217681719861818,90235_20260331
20260331,1611204,58534,21945.0,6757.0,1407.0,903099,1233314,0.4299890020134011,58534_20260331
20260331,1610821,59093,16883.0,5300.0,4239.0,634568,1165728,1.3582514754898278,59093_20260331
20260331,1602060,16389,17912.0,7555.0,3635.0,902909,1430674,0.0780869630350923,16389_20260331
20260331,1601377,9172,21277.0,6201.0,1197.0,1154364,1359404,0.0182343070994525,9172_20260331
20260331,1600806,5826,20262.0,5250.0,3691.0,1088523,1330621,0.6482984196710907,5826_20260331
20260331,1599701,1365,21387.0,5067.0,4126.0,1066524,1403563,0.6971927879022393,1365_20260331
20260331,1598703,17910,23138.0,-1772.0,1837.0,1156294,1384107,0.481640429773385,17910_20260331
20260331,1597487,13339,19283.0,4664.0,4356.0,1171963,1382529,0.2913951725428751,13339_20260331
20260331,1592347,34781,36504.0,2366.0,4026.0,1205274,1384966,1.5627875079991989,34781_20260331
20260331,1588238,32629,34539.0,10070.0,9724.0,1114765,1276081,0.6014841604343933,32629_20260331
20260331,1585603,19215,20842.0,27.0,6284.0,1026415,1456606,0.1233600087789944,19215_20260331
20260331,1583033,7848,19651.0,4002.0,920.0,1147535,1382948,0.2102925207497253,7848_20260331
20260331,1581898,6063,18238.0,1033.0,3655.0,990431,1397369,0.6171067919676236,6063_20260331
20260331,1579523,12855,20878.0,5318.0,889.0,1283067,1257690,0.0089267456061102,12855_20260331
20260331,1578903,26381,19062.0,2537.0,1799.0,1074041,1406883,0.0870224453307138,26381_20260331
20260331,1578856,15752,20970.0,4800.0,4112.0,1296862,1309976,0.4653369274968711,15752_20260331
20260331,1577252,6636,20548.0,4886.0,2028.0,1089424,1388542,0.2127751304166994,6636_20260331
20260331,1576539,90251,19652.0,354.0,572.0,1297792,1228581,1.8389649732737343,90251_20260331
20260331,1576055,14140,16583.0,2408.0,1677.0,1134609,1327111,0.3997956924092116,14140_20260331
20260331,1574662,17211,21507.0,6086.0,1947.0,1246245,1425068,0.3309916667830938,17211_20260331
20260331,1573393,8774,19584.0,6304.0,3038.0,1040867,1300256,0.2658585617197991,8774_20260331
20260331,1571899,57813,24730.0,6499.0,790.0,1031035,1386573,0.2402826135775899,57813_20260331
20260331,1571464,58090,22265.0,4896.0,5036.0,1208081,1345950,2.2118228607209582,58090_20260331
20260331,1570169,5615,23249.0,7239.0,2096.0,1099836,1313242,0.1798532514652881,5615_20260331
20260331,1565756,24823,20322.0,4841.0,1631.0,1263878,1407274,0.140124003995514,24823_20260331
20260331,1563129,58310,22506.0,3949.0,6532.0,1286355,1362873,1.563722507867233,58310_20260331
20260331,1562169,31100,18213.0,3056.0,2593.0,667533,1377437,0.3945155741792341,31100_20260331
20260331,1562101,57754,20669.0,6337.0,1488.0,1115598,1352439,0.0973688641131399,57754_20260331
20260331,1560774,5598,21226.0,4961.0,1894.0,1032132,1350331,0.9388931389169732,5598_20260331
20260331,1559458,1435,22051.0,7586.0,1088.0,1059365,1209298,2.4555326273615576,1435_20260331
20260331,1557977,5123,19354.0,6621.0,1307.0,915620,1421790,0.4048198400874981,5123_20260331
20260331,1550080,3787,19047.0,3721.0,2180.0,1019951,1330899,1.2594188687035508,3787_20260331
20260331,1548229,58424,21851.0,2390.0,1197.0,1294826,1291838,1.0806540892852414,58424_20260331
20260331,1538347,5694,22349.0,7029.0,2272.0,1243375,1306022,0.9349646081150742,5694_20260331
20260331,1532263,59113,22358.0,5437.0,6248.0,1169056,1368968,0.3899461123841011,59113_20260331
20260331,1528973,12204,17483.0,2586.0,4024.0,836795,1345964,0.4022307784375525,12204_20260331
20260331,1527658,19608,17694.0,2078.0,1424.0,1264468,1247870,0.2146422825004026,19608_20260331
20260331,1526447,29847,22033.0,5048.0,890.0,1262799,1363482,0.4236635795412484,29847_20260331
20260331,1522511,1373,21672.0,4805.0,3379.0,1143851,1323478,1.3804826369070569,1373_20260331
20260331,1521898,7404,19243.0,2248.0,1622.0,923577,1135838,1.1095355930555135,7404_20260331
20260331,1513612,28533,21131.0,2917.0,1486.0,1174336,1111731,1.1676043794578796,28533_20260331
20260331,1512885,26299,21846.0,4189.0,908.0,942092,1229060,0.0091216450688585,26299_20260331
20260331,1512087,8426,16115.0,2377.0,1897.0,891582,1192378,0.2811346172541659,8426_20260331
20260331,1507769,15572,20038.0,5028.0,1338.0,998381,1344541,0.2688077550340934,15572_20260331
20260331,1507059,3210,19445.0,2942.0,1623.0,1093818,1282742,1.757993549024955,3210_20260331
20260331,1504994,33823,66886.0,18737.0,9599.0,1122480,1282069,2.745725232127171,33823_20260331
20260331,1499837,17749,16670.0,217.0,3175.0,863732,1161004,0.0846758681110013,17749_20260331
20260331,1495075,58483,19897.0,5672.0,691.0,935703,1305146,0.0,58483_20260331
20260331,1494982,4190,14882.0,3395.0,2247.0,495294,1166890,0.0313047247391607,4190_20260331
20260331,1494913,18569,19657.0,3817.0,2814.0,1116741,1200181,1.0359800202419809,18569_20260331
20260331,1493176,90206,17455.0,2143.0,2300.0,1202249,1239111,0.3140955922141797,90206_20260331
20260331,1490109,12013,11193.0,-5128.0,49.0,300073,1349098,0.1657596860363906,12013_20260331
20260331,1479703,19371,19380.0,4245.0,2304.0,1096505,1270051,0.4156239461567625,19371_20260331
20260331,1476326,5673,16186.0,5337.0,2903.0,843064,1396341,0.2153995797676123,5673_20260331
20260331,1474470,11670,18615.0,2079.0,1838.0,948702,1094513,1.1794068377111775,11670_20260331
20260331,1473506,18194,17370.0,3194.0,2240.0,1121896,1302186,0.3123163393973285,18194_20260331
20260331,1471716,8851,18566.0,5302.0,2083.0,903157,1200936,0.616830964669814,8851_20260331
20260331,1468483,7542,17469.0,2671.0,4126.0,1018276,1271680,0.5769899957983852,7542_20260331
20260331,1461136,29922,15316.0,-7679.0,3289.0,1077236,1259835,0.5313673744264736,29922_20260331
20260331,1461121,58752,24233.0,5047.0,1313.0,889539,1120397,2.2849579192962115,58752_20260331
20260331,1459963,58239,22137.0,6304.0,494.0,1208445,1245742,0.0635632546852214,58239_20260331
20260331,1458577,228,20266.0,5086.0,2807.0,1345654,1244879,0.8901141317873517,228_20260331
20260331,1457821,35519,17790.0,2736.0,2600.0,1166881,1223947,0.1039222236474848,35519_20260331
20260331,1456967,17743,17276.0,604.0,2275.0,1177253,1013840,0.1100230821974691,17743_20260331
20260331,1456256,29520,17447.0,3996.0,1004.0,1067355,1221308,0.575997626790894,29520_20260331
20260331,1453536,34836,16242.0,6913.0,5911.0,758605,1137566,0.310828214781058,34836_20260331
20260331,1453104,1402,19284.0,-3009.0,2145.0,969307,1255240,0.4180017397240665,1402_20260331
20260331,1452569,58722,22033.0,5323.0,505.0,1285003,1073140,0.9379933070305092,58722_20260331
20260331,1452054,58,18297.0,4088.0,2555.0,891517,1200532,1.195547823978998,58_20260331
20260331,1447578,13397,13516.0,10907.0,136.0,144667,1041885,0.0819990356305497,13397_20260331
20260331,1446766,22396,20644.0,7358.0,652.0,1152429,1288478,0.0579222901284658,22396_20260331
20260331,1446572,23537,16694.0,3102.0,6724.0,1109096,904853,1.121962819686818,23537_20260331
20260331,1444429,23298,13869.0,2506.0,895.0,631518,1259554,0.115478157804918,23298_20260331
20260331,1444197,19850,18534.0,2612.0,5904.0,1033783,1201035,0.1240135521677444,19850_20260331
20260331,1444006,58088,20503.0,-973.0,2229.0,1100322,1318742,3.494722321098389,58088_20260331
20260331,1442083,32282,17902.0,6257.0,202.0,1230978,940516,0.0,32282_20260331
20260331,1439702,4666,16504.0,6220.0,12148.0,768660,1237168,0.5874826873894736,4666_20260331
20260331,1437772,28845,18253.0,3534.0,3110.0,1070836,1245285,0.0375581107435671,28845_20260331
20260331,1436345,16553,19738.0,5047.0,1621.0,1041169,1141775,0.6524198573462504,16553_20260331
20260331,1431998,22537,19566.0,6525.0,3593.0,908803,1280018,0.3262574389070375,22537_20260331
20260331,1425871,25886,19156.0,3138.0,2851.0,785972,1188970,0.3887448443793302,25886_20260331
20260331,1424577,34352,16208.0,1232.0,590.0,1059262,1142340,0.8045195170215439,34352_20260331
20260331,1422849,58281,17006.0,4208.0,1176.0,1086724,1268061,0.562181932165676,58281_20260331
20260331,1414854,57497,17571.0,3219.0,875.0,871946,1218951,3.281822718103776,57497_20260331
20260331,1411198,57710,12278.0,4449.0,0.0,0,1289469,0.0,57710_20260331
20260331,1410572,30544,15938.0,1803.0,1403.0,971007,1076065,0.499726352146505,30544_20260331
20260331,1410085,8018,15807.0,2410.0,3262.0,818620,1179389,0.0,8018_20260331
20260331,1407432,8668,17491.0,3278.0,2402.0,892648,1283671,0.3444571389594666,8668_20260331
20260331,1406483,9176,25110.0,8338.0,957.0,1196658,1090759,1.9837424270325343,9176_20260331
20260331,1402760,20484,19087.0,5278.0,2259.0,1142172,1264502,0.1869885083692149,20484_20260331
20260331,1401762,14851,21555.0,6280.0,5268.0,1106452,1159471,0.8385160961703911,14851_20260331
20260331,1399061,25738,21022.0,2246.0,703.0,1091719,1140950,0.0408845647187649,25738_20260331
20260331,1398702,20845,21936.0,5911.0,3033.0,1093484,1200595,3.2505136905502385,20845_20260331
20260331,1394366,23998,18897.0,4628.0,914.0,1191616,1189577,0.9405708400807248,23998_20260331
20260331,1391736,23472,3200.0,56484.0,113870.0,0,1071,1.8010599711439528,23472_20260331
20260331,1390762,17960,17023.0,1835.0,902.0,1142598,1139375,0.5906114777366652,17960_20260331
20260331,1389768,58626,21594.0,2255.0,7485.0,1088888,1186172,3.1758538115714274,58626_20260331
20260331,1388684,58224,32982.0,23179.0,31074.0,320773,1184551,0.0673299325116441,58224_20260331
20260331,1387693,15728,16480.0,6138.0,1770.0,785762,1247802,0.0511640542973121,15728_20260331
20260331,1387108,8149,15485.0,3305.0,2401.0,839237,1218342,0.7427684073626567,8149_20260331
20260331,1386995,34319,21964.0,4504.0,2506.0,1111903,1212908,0.3462161002743341,34319_20260331
20260331,1381983,27998,18710.0,7049.0,3429.0,1082120,1215671,0.1247482783796906,27998_20260331
20260331,1376153,4702,17600.0,4524.0,4654.0,767380,1189316,0.0292845344958009,4702_20260331
20260331,1373215,5544,19380.0,7912.0,3063.0,930649,1231540,0.074205423040092,5544_20260331
20260331,1371883,15970,15251.0,2047.0,4318.0,1034566,1219998,1.04622624524103,15970_20260331
20260331,1371673,58095,18272.0,2295.0,298.0,866307,1226018,0.0559900209452252,58095_20260331
20260331,1370973,287,17675.0,3280.0,2769.0,960257,1236368,0.4032902179692816,287_20260331
20260331,1370658,20989,20600.0,6601.0,804.0,1035807,1190820,0.545650337283261,20989_20260331
20260331,1370609,57825,18906.0,6798.0,6303.0,800396,1185840,0.0087552321632208,57825_20260331
20260331,1370351,58739,17637.0,3508.0,763.0,996785,1118740,0.0,58739_20260331
20260331,1370032,2832,17521.0,4629.0,1562.0,806940,1224927,1.9149917666156704,2832_20260331
20260331,1369574,11569,15826.0,4412.0,3674.0,777241,1183938,0.9195560079265525,11569_20260331
20260331,1368016,5033,18515.0,3661.0,12456.0,1127272,1057843,1.2998385983789664,5033_20260331
20260331,1365377,19502,17212.0,7165.0,1472.0,689186,1192924,0.1527783169044154,19502_20260331
20260331,1360927,11492,18923.0,3748.0,1754.0,938632,1147826,0.6671188094585528,11492_20260331
20260331,1357381,8141,19094.0,5773.0,3164.0,1095505,1206417,1.7635431761605622,8141_20260331
20260331,1356213,59112,17760.0,1874.0,1231.0,1013284,1183633,0.4514777546004942,59112_20260331
20260331,1352351,13341,16945.0,3532.0,1704.0,857277,1029868,0.0785299082856447,13341_20260331
20260331,1350574,57706,19874.0,4688.0,776.0,1116966,1189782,0.5336249624233844,57706_20260331
20260331,1349328,34401,16720.0,2589.0,1318.0,1062869,1076430,0.3186030379566718,34401_20260331
20260331,1348989,28362,16481.0,2966.0,1943.0,816087,1218817,1.6388569513910043,28362_20260331
20260331,1348773,15032,17761.0,4013.0,2696.0,1007999,1216295,0.6104807851284093,15032_20260331
20260331,1347254,17612,20356.0,6133.0,2400.0,1015887,1209219,0.168936221380675,17612_20260331
20260331,1346484,29613,13914.0,367.0,497.0,942742,1085352,0.4006731606168361,29613_20260331
20260331,1346131,1678,17723.0,5292.0,19965.0,1104216,1069070,1.1926773842961793,1678_20260331
20260331,1344721,26451,18722.0,2676.0,1204.0,989085,1117354,3.450827346341732,26451_20260331
20260331,1343203,1978,18818.0,10114.0,963.0,734819,1128812,0.1771884071134445,1978_20260331
20260331,1338745,8892,19386.0,4052.0,1345.0,1131441,1189450,1.617858516745161,8892_20260331
20260331,1338064,6605,15151.0,3557.0,1628.0,936317,1170914,0.3933294670509034,6605_20260331
20260331,1336844,14899,20793.0,2795.0,1594.0,1096515,1156845,3.0664759687742174,14899_20260331
20260331,1336572,12299,19985.0,5065.0,1118.0,962546,1091923,1.373139643805197,12299_20260331
20260331,1333008,1673,38151.0,3522.0,11844.0,952609,1023146,1.1329264340499083,1673_20260331
20260331,1331769,14073,18132.0,3232.0,2117.0,1090002,1130985,1.2590772123393772,14073_20260331
20260331,1329168,11935,13824.0,5828.0,1196.0,582851,1178335,0.3875356614062331,11935_20260331
20260331,1328835,18489,20678.0,4677.0,1557.0,886246,1133476,1.0667238596213977,18489_20260331
20260331,1328042,1068,17746.0,7624.0,2445.0,1025666,1111975,0.236363006591659,1068_20260331
20260331,1324267,13718,7026.0,6302.0,1019.0,0,0,0.0,13718_20260331
20260331,1320825,18100,14798.0,4778.0,4198.0,879889,1086086,0.1474835803380463,18100_20260331
20260331,1317428,5170,18263.0,3323.0,3368.0,1031756,1121570,0.3440036191731161,5170_20260331
20260331,1314433,26333,16670.0,4259.0,3355.0,899551,1056322,0.4652956826251319,26333_20260331
20260331,1313993,11522,18481.0,6965.0,1180.0,857592,1175292,0.0140031187380754,11522_20260331
20260331,1312790,90297,15870.0,2396.0,1457.0,982441,1011596,0.8733308449942488,90297_20260331
20260331,1309619,6861,16917.0,4711.0,1998.0,1077365,1184610,0.363006340011866,6861_20260331
20260331,1307724,27619,13364.0,525.0,907.0,885265,957373,0.0381578987615123,27619_20260331
20260331,1306019,15657,17485.0,3344.0,553.0,854867,1061548,1.2446220154530678,15657_20260331
20260331,1303870,1027,19556.0,6188.0,1180.0,1072404,1173949,0.6418584674852554,1027_20260331
20260331,1297467,90190,13665.0,2090.0,1684.0,1109277,1043263,0.0581903046474399,90190_20260331
20260331,1293076,8011,14246.0,3565.0,1051.0,734007,1040520,0.2106604716196109,8011_20260331
20260331,1290968,15324,17260.0,6122.0,1391.0,840655,1163912,0.2157295920580525,15324_20260331
20260331,1289807,23041,15057.0,3263.0,1302.0,761564,1139158,0.051403039369456,23041_20260331
20260331,1284609,16032,16595.0,2530.0,1470.0,936751,1119598,0.277282815237944,16032_20260331
20260331,1282436,57269,16960.0,4659.0,510.0,998506,1118590,0.6829970462463624,57269_20260331
20260331,1281783,31223,14915.0,4276.0,1935.0,665160,1139853,0.314327776230454,31223_20260331
20260331,1281701,9325,16700.0,6185.0,3648.0,77844,1203177,0.1315439404354057,9325_20260331
20260331,1277396,58864,16625.0,3573.0,608.0,958102,1152508,0.0162831259844245,58864_20260331
20260331,1277097,2700,16210.0,4969.0,3114.0,786961,1111275,1.0305403583283024,2700_20260331
20260331,1276984,903,15377.0,3585.0,3755.0,821679,1096977,0.4428403174981049,903_20260331
20260331,1274405,2232,16227.0,5349.0,1128.0,921156,1146153,0.2489789352678308,2232_20260331
20260331,1272143,12978,16200.0,3550.0,1565.0,861495,1132671,0.3351038365969863,12978_20260331
20260331,1269526,12484,19695.0,2693.0,1084.0,1110146,1126872,0.599593864166626,12484_20260331
20260331,1268490,35430,19453.0,5070.0,1786.0,1078532,1094131,0.1702812004824634,35430_20260331
20260331,1266430,28316,17434.0,344.0,3976.0,770093,911405,1.298374169910694,28316_20260331
20260331,1265131,9139,14968.0,4573.0,1848.0,840317,1102889,0.0804659754602487,9139_20260331
20260331,1263618,34978,17814.0,4909.0,1627.0,829093,1078202,1.2495073669415917,34978_20260331
20260331,1260534,14578,15889.0,5606.0,1540.0,886549,1110698,0.4041937781924168,14578_20260331
20260331,1259608,10685,17104.0,5006.0,1586.0,907836,1115949,0.5916126286908308,10685_20260331
20260331,1259278,16546,15400.0,3304.0,2987.0,762917,1123894,0.4662989427274994,16546_20260331
20260331,1256749,26395,17163.0,830.0,303.0,899303,968279,4.760855190654618,26395_20260331
20260331,1253608,19288,18418.0,4825.0,2160.0,869971,1107733,0.5685190266813869,19288_20260331
20260331,1251302,58479,15084.0,3977.0,561.0,837044,1145710,0.1438501656674408,58479_20260331
20260331,1249914,16402,16963.0,7288.0,2228.0,810509,1056270,0.2010538325036762,16402_20260331
20260331,1247557,24919,14617.0,3471.0,2555.0,690882,1134542,0.0333451697998568,24919_20260331
20260331,1247150,3108,17996.0,5900.0,2161.0,821401,1114012,0.0808242793569338,3108_20260331
20260331,1245317,13255,17642.0,3070.0,1588.0,901921,1064814,0.2880391097206575,13255_20260331
20260331,1243344,57176,13994.0,4007.0,970.0,765520,1092294,0.8383842283390598,57176_20260331
20260331,1240094,34966,18134.0,3338.0,613.0,1047271,1047472,0.0866869769549727,34966_20260331
20260331,1237837,16501,13460.0,2252.0,2375.0,624797,1038070,0.8785486295853171,16501_20260331
20260331,1237314,19482,14908.0,2869.0,1430.0,896434,1110027,0.04420866489832,19482_20260331
20260331,1234983,13953,17032.0,4664.0,1143.0,866079,894826,0.1833223615223853,13953_20260331
20260331,1234804,6271,16021.0,4721.0,1744.0,973749,1019172,0.6332179034081522,6271_20260331
20260331,1234701,18229,14071.0,1485.0,1138.0,996218,1064485,0.4620551858304156,18229_20260331
20260331,1233361,16363,16131.0,3651.0,901.0,477797,1043164,0.0,16363_20260331
20260331,1229135,34211,17147.0,3615.0,1862.0,940537,1045360,0.5432275543369931,34211_20260331
20260331,1228036,35014,15618.0,5162.0,20573.0,885261,996563,0.9320573663964248,35014_20260331
20260331,1225665,4697,16097.0,4284.0,3865.0,888802,1026973,0.2844986191169691,4697_20260331
20260331,1221907,16265,17830.0,6073.0,1746.0,1036278,1033624,0.817492656969802,16265_20260331
20260331,1221577,57953,17868.0,3973.0,930.0,1061041,1100692,0.1207455608610836,57953_20260331
20260331,1221231,8255,16345.0,4841.0,1888.0,968711,1079874,0.2739858388789672,8255_20260331
20260331,1220818,18200,13792.0,2462.0,1332.0,918770,940963,0.0852706955500328,18200_20260331
20260331,1220341,22876,14775.0,3012.0,2872.0,624368,1055413,0.1088220423635688,22876_20260331
20260331,1217531,30879,13966.0,1533.0,845.0,1029644,901388,0.0811478311435191,30879_20260331
20260331,1217421,1060,17319.0,6302.0,2278.0,931188,1082491,0.1582854246805337,1060_20260331
20260331,1216537,27132,14404.0,309.0,1226.0,921908,1059462,0.5823908356260434,27132_20260331
20260331,1214543,16753,16915.0,4681.0,1579.0,752862,1050158,1.7347265597018795,16753_20260331
20260331,1212097,12969,14819.0,3881.0,2212.0,844331,1086553,0.1046120896264903,12969_20260331
20260331,1208364,1299,16513.0,-431.0,15684.0,884966,997294,0.7764216742637152,1299_20260331
20260331,1205618,28530,16115.0,2746.0,2976.0,884107,1001728,0.2438583365543646,28530_20260331
20260331,1204901,21292,16788.0,4892.0,943.0,828028,1120430,0.7467833456856621,21292_20260331
20260331,1203870,20130,18456.0,5796.0,955.0,717047,750265,0.415327236329504,20130_20260331
20260331,1199826,16982,15036.0,4222.0,1271.0,809927,1019125,0.3086280844055721,16982_20260331
20260331,1199220,20727,14273.0,2271.0,703.0,891504,913005,0.2814329314054135,20727_20260331
20260331,1197423,58013,5080.0,1153.0,862.0,864827,1051900,0.9968908230424838,58013_20260331
20260331,1196808,27510,13907.0,3455.0,1264.0,584348,1023478,0.8907026022553326,27510_20260331
20260331,1196482,22308,16801.0,4090.0,1358.0,1030169,1053931,1.5929199102034128,22308_20260331
20260331,1194708,34997,17439.0,-5458.0,850.0,909795,1086271,1.9493466185879729,34997_20260331
20260331,1194073,11459,16533.0,6323.0,1072.0,800203,1049119,0.1277978817040499,11459_20260331
20260331,1191495,21906,17883.0,5569.0,3059.0,912114,1016463,0.5544295192174536,21906_20260331
20260331,1190928,13297,12126.0,1954.0,1326.0,720640,1080401,0.0492053255948302,13297_20260331
20260331,1188670,9437,14293.0,3356.0,1659.0,564003,1079438,0.2175540730396157,9437_20260331
20260331,1188143,17509,14479.0,1557.0,1086.0,808152,1057246,0.1027654078675715,17509_20260331
20260331,1183399,9100,15853.0,6621.0,1128.0,872377,1045908,0.0978537247369653,9100_20260331
20260331,1183388,13622,16578.0,2932.0,2168.0,818761,919978,1.332107474471602,13622_20260331
20260331,1181367,21714,17457.0,5748.0,1086.0,880606,1032773,0.0023701356140809,21714_20260331
20260331,1180511,33928,14724.0,1470.0,3257.0,771367,1061468,1.9372966452663292,33928_20260331
20260331,1177237,3869,16266.0,5511.0,1488.0,869999,1057222,0.1214708678031696,3869_20260331
20260331,1177195,8941,14801.0,5111.0,5144.0,856317,977100,0.6215622730303816,8941_20260331
20260331,1177177,58018,15785.0,2719.0,462.0,887208,1063965,1.72879694387505,58018_20260331
20260331,1176917,26620,15035.0,1274.0,697.0,941846,1048319,0.1266869286449256,26620_20260331
20260331,1175492,30441,12141.0,1105.0,1726.0,632796,1019371,1.4986916116825977,30441_20260331
20260331,1175143,12627,17811.0,632.0,1698.0,1029279,895886,4.305603658448376,12627_20260331
20260331,1173908,13055,14698.0,3694.0,1489.0,770512,992753,0.2495936649209307,13055_20260331
20260331,1173282,35412,15154.0,4189.0,1559.0,772815,1011466,0.031961625593847,35412_20260331
20260331,1172965,3337,17560.0,3316.0,1909.0,731827,1028906,0.2480039898888713,3337_20260331
20260331,1168092,9678,16827.0,7199.0,1754.0,893061,1016460,0.230803738061728,9678_20260331
20260331,1166670,57483,12432.0,1649.0,1512.0,604929,1064707,0.0907711692252307,57483_20260331
20260331,1166234,20161,15973.0,6464.0,1359.0,836086,1031768,0.2878496082261364,20161_20260331
20260331,1165512,59183,16251.0,1787.0,72.0,905873,993026,0.6949735395259765,59183_20260331
20260331,1165282,17077,14940.0,2305.0,559.0,833161,1045131,0.1582449570146968,17077_20260331
20260331,1164386,15932,13954.0,3311.0,2010.0,621674,1034963,0.1720219927068858,15932_20260331
20260331,1163513,32718,14521.0,3189.0,1297.0,634735,1047178,0.7882163757517106,32718_20260331
20260331,1161205,25247,12170.0,2152.0,7927.0,530035,390632,0.3930399886324981,25247_20260331
20260331,1161035,9457,13708.0,2391.0,1133.0,736511,961491,0.1526224446291455,9457_20260331
20260331,1160267,20387,16739.0,2479.0,184.0,957462,996322,0.6615718623385825,20387_20260331
20260331,1159601,9359,13450.0,3308.0,2053.0,622742,1027413,0.4977574182843927,9359_20260331
20260331,1156591,7658,9558.0,3921.0,2079.0,504527,972386,0.0,7658_20260331
20260331,1153306,14017,14937.0,3211.0,846.0,941474,997435,0.1069100481572106,14017_20260331
20260331,1152101,7526,16477.0,4146.0,1704.0,890668,985564,0.3006680837877929,7526_20260331
20260331,1150445,16849,15424.0,5332.0,10224.0,799850,998431,1.269856446853174,16849_20260331
20260331,1146168,9888,17435.0,4830.0,2148.0,831707,984386,1.0042157868654509,9888_20260331
20260331,1143103,28778,12476.0,942.0,554.0,859053,897531,0.0153966877875397,28778_20260331
20260331,1142793,19184,11768.0,4866.0,3435.0,624721,1037535,0.1488458539735542,19184_20260331
20260331,1142099,14587,17109.0,1937.0,16763.0,993663,968102,0.4223801964628285,14587_20260331
20260331,1141218,58060,18652.0,6430.0,266.0,917147,811904,1.886843705584735,58060_20260331
20260331,1140558,59276,8961.0,7656.0,16535.0,0,0,0.0,59276_20260331
20260331,1139913,3389,13674.0,2458.0,1507.0,549857,993000,0.9685826900824888,3389_20260331
20260331,1134884,57097,15392.0,3650.0,2327.0,961427,979874,1.114387021052372,57097_20260331
20260331,1133453,34629,4486.0,74531.0,232438.0,0,0,0.0,34629_20260331
20260331,1131558,1497,12315.0,3469.0,607.0,551141,1022636,0.4370080897311494,1497_20260331
20260331,1128929,14209,14341.0,4722.0,1364.0,835975,933012,0.1690097428624829,14209_20260331
20260331,1123388,32242,13015.0,-314.0,256.0,795083,991223,1.1643350293932284,32242_20260331
20260331,1122769,12828,15254.0,2776.0,2184.0,782739,920985,0.4139765169861298,12828_20260331
20260331,1121513,10308,17128.0,2643.0,697.0,908654,969864,0.8320902209782677,10308_20260331
20260331,1119899,31840,16424.0,2871.0,732.0,1064029,858567,0.213947864941392,31840_20260331
20260331,1117417,12611,17178.0,5765.0,2467.0,897324,897881,1.1089861707849442,12611_20260331
20260331,1116792,35214,14132.0,3688.0,3679.0,807715,930785,0.1857104993588779,35214_20260331
20260331,1115178,28788,11088.0,1897.0,1086.0,645673,1000158,0.0894924397719467,28788_20260331
20260331,1114807,17478,16387.0,2072.0,503.0,780260,949685,7.27246958442134,17478_20260331
20260331,1114478,34010,14708.0,2817.0,226.0,814641,839626,0.6078181893227144,34010_20260331
20260331,1113298,13868,14772.0,4071.0,688.0,874695,969709,0.1055422717008384,13868_20260331
20260331,1112819,12874,14279.0,2573.0,1331.0,874971,953231,0.4115673797805393,12874_20260331
20260331,1112104,90208,12751.0,1037.0,782.0,888692,877941,0.5982354168315194,90208_20260331
20260331,1111947,57451,14507.0,1879.0,870.0,913164,974771,0.6708952854767358,57451_20260331
20260331,1106725,20856,13385.0,2476.0,1635.0,618678,963722,0.8405882220063702,20856_20260331
20260331,1099845,1874,11661.0,2596.0,2076.0,359496,1019846,1.0555123676518054,1874_20260331
20260331,1099263,3091,14226.0,4540.0,1633.0,664198,990765,0.1749353885284959,3091_20260331
20260331,1098087,29782,12738.0,4063.0,1774.0,641521,969666,0.3585326117147366,29782_20260331
20260331,1096299,8660,12525.0,3231.0,3118.0,607751,992142,0.0951382788819473,8660_20260331
20260331,1094102,292,14103.0,2661.0,1441.0,778895,949413,0.1059316224629879,292_20260331
20260331,1092587,12591,11397.0,3128.0,1006.0,301502,984504,0.0136373579403745,12591_20260331
20260331,1092193,1545,11080.0,3224.0,1789.0,665848,939291,0.8736551140686672,1545_20260331
20260331,1091808,23806,15135.0,4648.0,938.0,887678,845614,1.5042937952460504,23806_20260331
20260331,1091126,11807,13055.0,3126.0,1876.0,834238,934376,0.0515980739163029,11807_20260331
20260331,1087944,6811,13062.0,3102.0,1912.0,735614,998523,0.1358525806475333,6811_20260331
20260331,1086417,34415,10053.0,5604.0,10133.0,490828,976611,0.1631970044651363,34415_20260331
20260331,1086048,27872,14603.0,6326.0,2602.0,657558,825056,1.5729507351424616,27872_20260331
20260331,1084684,34422,14427.0,3527.0,742.0,853746,903260,0.0560531915285926,34422_20260331
20260331,1084528,34252,11521.0,1714.0,8518.0,503967,559752,0.2580846229880649,34252_20260331
20260331,1081951,34363,14055.0,1886.0,2305.0,886369,877890,0.1392854205042557,34363_20260331
20260331,1081100,35157,17917.0,-94.0,1666.0,739079,930692,0.481361576172417,35157_20260331
20260331,1080401,13109,14154.0,1968.0,3153.0,884744,859286,0.5149939698315718,13109_20260331
20260331,1078904,28396,13593.0,4049.0,2949.0,782097,972919,0.1070530834995514,28396_20260331
20260331,1078099,9288,14270.0,5760.0,1468.0,760506,969664,0.3947689405147394,9288_20260331
20260331,1078019,6531,15424.0,6448.0,1617.0,857507,846629,0.5460015083222095,6531_20260331
20260331,1077643,35521,16481.0,2356.0,-403.0,884527,924426,0.2247497547889236,35521_20260331
20260331,1073149,15136,15319.0,4735.0,1259.0,805224,918457,0.0742674130060224,15136_20260331
20260331,1072343,17115,13362.0,2517.0,781.0,869175,809236,0.0727379206093572,17115_20260331
20260331,1072055,88,16411.0,2956.0,1705.0,742303,910938,1.6604558534776666,88_20260331
